ulasan,label
"Selalu saja drop jaringan yang parah ketika match sedang berlangsung! upaya di mode ini itu sudah saya coba tetap saja tidak ada hasilnya sama sekali. Banyak event ok, tetapi perhatikan detail kecil bug² yang terjadi dev! dari mulai menu yang terkadang frezee berkali-kali.",1
"banyak dark system, matchmaking ngawur, banyak troller, pelanggaran troller terlalu rendah. Selain para troller, sudah banyak bukti yang menunjukkan bahwa player bertemu dengan team yang bot/komputer/AI. Permasalahan terbesarnya adalah bot tersebut masih sangat belum cukup mengimbangi permainan dan gameplay player. Hal ini sangat disayangkan. Saya harap Pihak MLBB dapat mendengar keluh kesah kami. Jika hal tersebut sudah diperbaiki akan kuberi Bintang 5 untuk saat ini masih sangat² belum cukup.",1
"dari sekian lama permasalahan game ini masi belum diperbaiki yaitu sistem matchmaking, dan dipertemukan dengan tim yang tidak bisa bermain. saya ingin memberi pemecahan masalah dengan membuat mode khusus solo player dan mmr solo seperti game moba lainnya, agar game ini tidak ditinggalkan dan lebih masuk akal matchmaking nya.",1
"menurutku gamenya bagus(tapi ga keren) dan untuk yg gampang stress atau yg emosian gausah main ni game, soalnya tulisan pembagian tim yg adil itu cuma pajangan, contoh kamu main tim kamu legend,epic sedang kan musuh itu mytic, honor. itu sangat ga adil ya. aku kecewa sama ni game. semoga game ini makin jelek ratingnya dan ga masuk pasar Tiongkok. biar mereka tau kalau update yg di perbarui bukan cuma fitur dan skin baru atau tampilan baru, tapi sistem nya itu yg bikin orang makin ga suka",1
"Saya suka bermain Mobile Legends, tetapi pengalaman ranked belakangan ini sangat membuat frustrasi. Terutama ketika koneksi tidak stabil, pertandingan menjadi sangat sulit dimainkan dan bisa memengaruhi hasil ranked. Saya berharap masalah koneksi, performa server, dan pengalaman matchmaking/ranked bisa lebih diperhatikan dan diperbaiki. Mohon jangan hanya fokus pada update konten, tetapi juga kestabilan permainan.",1
"dari dulu sampai sekarang masalah nya tetap sama, sinyal yg tiba tiba jumping padahal wifi lancar, sama tolonglah, match di ranked dibuat seimbang, jangan berat sebelah, tim gw lu kasih yg ga bisa main atau nggak bot komputer, sementara musuh udah kayak pro player, main nya rapi & kompak, tolong diperbaiki lah, apalagi ini game udah 10 tahun masa masih kayak gini mulu, ga ada perubahan sama sekali.",1
"Gameplay Sangat Tidak Adil dan Merusak Pengalaman Bermain!Sistem matchmaking di game ini benar-benar buruk dan tidak adil. Saya sering sekali dipasangkan dengan tim yang tidak mengerti cara bermain, sementara tim musuh sangat kompak seperti tim pro. Selain itu, penyesuaian hero (balancing) sangat payah—hero baru selalu dibuat terlalu kuat (overpowered) sehingga game menjadi tidak kompetitif. Tolong perbaiki sistem pencarian lawan agar lebih adil berdasarkan kemampuan asli pemain!",1
"TOLONG LAH DIBACA INI KOMENTAR"" Game buruk, system matchmaking game paling buruk yg pernah ada, penyeimbangan tim tidak setara. Setelah win 1x selanjutnya pasti lose 2x atau lebih, stuck dan terus berputar"" seperti itu. Jika tidak ada perbaikan mengenai penyeimbangan matchmaking, game ini akan menjadi game moba dengan matchmaking terburuk yang pernah ada.",1
"Mobile Legends itu game yang seru, tapi semakin lama sistemnya terasa semakin nggak adil. Matchmaking seharusnya mempertemukan pemain dengan kemampuan yang seimbang. Kenyataannya, sering banget satu tim berisi pemain yang serius, sementara tim lawan jauh lebih terkoordinasi. Akhirnya kemenangan terasa bukan cuma soal skill, tapi juga soal siapa yang mendapatkan tim lebih bagus. Belum lagi masalah AFK, disconnect, dan pemain yang sengaja bermain asal-asalan. Yang",1
"Ton moontonn tolong kalo matching dikasih team yg imbang. Minimal sama sama bisa main. Tiap main solo, duo, trio pasti sisanya bot gabisa main. Sedangkan musuh sebaliknya. Minimal jangan terlalu jomplang kalo emang dikasih bot di team !!!!",1
"Tolong lah pihak monton, matchmaking nya gak seimbang banget dah. masa sering kedapetan tim ama bot pas rank, tapi musuh nya player semua mana kompe2 lagi. Sama sinyal kadang ngelag padahal buat aplikasi yang lain/game2 lain enak2 aja, posisi hp gk panas. Jadi mohon tanggapan dan tindakannya lah ton monton.",1
"Kpd moonton terhormat. Banyak sekali komplen sy utk anda☺️, pertama di masalah sinyal, parah sekali, pada saat lgi tengah² war knp tiba' lag padahal sinyal 4.5G dan bagus dan saat mati malah mati kayak nggk pernah terjadi sinyal lag. Tolong di perbaiki lgi ya moonton. Yang kedua, yg paling parah, matchmaking nya parah banget. Apanya yg adil, yang ada lose streak trus. Intinya perbaiki dulu deh masalah itu. Lama² para player nggk bakalan main di ML lgi.",1
"game dgn matchmaking terburuk! pantes org udah pada gk betah main ni game. dari total game sehari, presentase buat dapat tim yg gk bisa main lebih gede, baik entah itu mau solo, duo, trio, sama aja. dari 2017 gua main, dan skrg udah males banget majn ni game. kesimpulannya jangan download ni game, gua pengen uninstall!",1
"Matchmaking Mobile Legends semakin tidak masuk akal. Sering kali dalam satu tim cuma 1–2 pemain yang benar-benar bisa bermain, sementara sisanya seperti pelengkap. Sudah berkali-kali report pemain, tapi tidak ada perubahan. Capek kalah bukan karena lawan lebih hebat, tapi karena tim sendiri tidak seimbang. Moonton tolong perbaiki matchmaking dan sistem report. Saya pribadi sbg user lama lebih memilih pindah ke game sebelah yang terasa lebih fair. Tidak merekomendasikan game ini.",1
"disini gw mau komplain terkait sistem ""PENGUNDUHAN DATA"" pas masuk / baru download kan biasanya harus unduh data terlebih dahulu kan? dan ada juga tombol pause & lanjut buat pengunduh data. nah disini masalahnya gw udh pause unduhan tapi Napa Masi ngunduh data? MAKSA BANGET?! kalo emang masalahnya di hp gw coba kasih solusi dah.",1
"Matchmaking nya Jelek sekali, Seringkali tim musuh 4 ex imo, sedangkan tim saya cuma 1 ex imo, malah ada yang mawi, Apakah itu adil? mungkin menurut moonton adil, maka saya mohon diperbaiki, karna orang main ingin seru seruan bukan malah stress, kalo matchmaking nya JELEK BANGET kayak gini, maaf aja ya Menurut saya game ini sampah NB : cs in game nya gak responsif, jarang memberi solusi ataupun merespon masukan saya, Kalo gak niat ga usah kerja SIMPELNYA, GAME AMPASS, DEVELOPERNYA G NIAT",1
"sumpah game ini enak di mainkan sebenarnya, tapi di sistem game nya terlalu sulit untuk mendapatkan kemenangan, terkadang pelayer tidak selevel bisa di pertemukan, emblem dan talent maksimal bisa di pertemukan dengan yang baru level 20, ini sangat tidak adil.",1
kenapa tiap bermain solo rank seakan kita mendapatkan tim yang sangat sangat jauh beda pengalaman nya dengan kita dan pola bermain yang sangat aneh yg bikin kita kalah trus bukan karna musuh yang susah tetapi tim yang sangat tidak bisa di kompakan dengan kita tolong di benerin lagi untuk penyesuaian player nya biar kita lebih seru bermain game mobile ini,1
monoton ga jelas ga adil!! berat sebelah padahal game terbesar tapi untuk pengaturan permainan kurang bagus seharusnya menyesuaikan lah!!! udah sering kali tak kasih masukan di dalam permainan tapi kayaknya ga ada respon masih sama !!!!!!,1
"permainan yg sangat sangat buruk, tolong perbaiki sistem jaringan nya lagi, karena saat matching jaringan sangat buruk sekali,kalo seperti ini gimana bisa mau main sedangkan jaringan nya selalu ngelag setiap bertanding...,jadi susah untuk bermain.",1
"dimohon untuk sistem matchmaking di perbaiki, terutama ketika solo, duo atau trio, pemilihan tim dan musuh di timbang berdasarkan stats, gameplay, dan rank (mau itu rank sekarang atau high rank) lebih di pertimbangkan, jangan hanya karena hanya 1 tingkat rank yang sama, tapi di satukan, bisa saja tim kita atau lawan ada yang lebih paham mekanik game, sehingga gampang menang, jadi itu membuat permainan tidak adil dan membebani tim nya.",1
"Tolong hapus aja item sky piecernya. bisa lebih mudah dapet kill sih,kalo yang make bener.Lah aku ketemunya tim yang tholol setiap hari dan belinya selalu item sky piecer terus tambah belinya selalu di awal item. Jadi tolong hapus aja itemnya ya",1
"Game gajelas, padahal jaringan bagus tapi gak bisa main, mau mencet event malah ada tulisan "" sedang menganalisis data "" gajelas, game busuk udah dari tadi saya mau main ga bisa bisa, padahal jaringannya bagus, gimana sih, tanggung jawabnya sebagai Dev mana! ini waktu saya kebuang cuman buat nunggu bisa main, udah lama nunggu tetep gak bisa bisa, gimana sih! game busuk, banyak bug, banyak cheater, ga becus👎",1
"kenapa aku memberikan bintang satu?,karena sistem algoritma mu membuatku susah untuk menaikkan rank yang ada di game ini hingga aku hampir menghabiskan setengah hari hanya untuk mengejar rank yang kuimpikan tetapi tetap sama saja.terkadang aku mendapatkan tim yang tidak mau berkontribusi terhadap satu sama lain atau sering bertemu musuh pro player sehingga membuatku frustasi akan hal ini.jadi kesimpulannya mohon untuk keringanannya pada mode rank.sekian dari saya",1
"makin kesini makin aneh, masa sekarang kalo solo se susah itu, dapet tim yang gabisa main terus, sedangkan tim musuh selalu jago. terus buat jaringan, kenapa jaringan kita yang aslinya bagus gaada kendala, pas war tiba-tiba ngelag. apalagi sekarang ini game makin tahun makin nambah aja kapasitas yang di perlukan, masa dulu main game ini di ram 3/4 masih bisa, sekarang minimal 8/iPhone lah, kaya main game pc aja lama-lama.",1
Matchmaking tidak adil. Penysuaian antara skill tim dan tim musuh terkadang berat sebelah. Saya sebagai solo player nambah stress dari pada nambah bintang karena matchmaking yang sangat sangat tidak seimbang. Tolong lah kedepan nya perbaiki matchmaking ini.,1
"Keluhan masalah gak prnah di dengar dn gak di perbaiki. 1. ping siluman (hijau tpi lag saat dekat musuh) 2. ping merah saat war 3. terlalu banyak even gak penting, sehingga memakan ruang dn bkin berat. bukan krna sinyal perangkat, krna sering skali 1 tim pada lag bersamaan. ini sangat merugikan tim.",1
"Saya marah karena ini, setiap di loading screen dan sudah full download (adv server/ori server), game selalu nge freeze dan terpaksa harus direstart sebanyak 3 kali, dan saya mendapatkan AFK dan pengurangan kredit skor, tolong lah aku ni capek kalo gini... kalo misal ada bug begini kayak mana mau menang coba? tolong perbaiki bug ini secepatnya atau berikan kompensasi kepada korban bug ini 😡",1
"Halo Moonton/Customer Service Mobile Legends. Saya benar-benar kecewa dengan pengalaman ranked saya saat ini. Saya mengalami kekalahan beruntun hingga 9 pertandingan, dan masalahnya bukan sekadar “tidak bisa bermain” atau “tidak menerima kekalahan”. Yang membuat frustrasi adalah matchmaking yang terasa sangat tidak seimbang. Saya beberapa kali mendapatkan rekan satu tim yang masih sangat pemula, sementara di sisi lawan terdapat pemain dengan rank dan pengalaman yang jauh lebih tinggi.",1
"Masa aku lagi belajar dikasih musuh yang pro player sama MONTOON. Sedangkan tim ku sama sekali tidak bisa bermain. Mbok kalau kasih musuh itu yang seimbang dong. Terus ping nya itu di benerin doong, padahal sinyalnya bagus masa pas main mendadak menjadi jelek.",1
"Game sebenarnya seru, tetapi pengalaman bermain sering terganggu oleh lag, matchmaking yang kurang adil, pemain AFK atau toxic, serta beberapa masalah setelah update. Semoga pengembang lebih memperhatikan masalah server, matchmaking, dan kenyamanan pemain agar game ini bisa lebih baik.",1
"Game gajelas, tiap match bukannya seru malah bikin emosi. Tim yang didapat random banget dan sering gak jelas mainnya. Mau menang susah, kerja sama tim juga entah ke mana. Tolong matchmakingnya diperbaiki, masa tiap game dapat tim begini terus.",1
"sistem matchmaking nya tidak seimbang, selalu dominan di musuhnya, sedangkan tim yang saya dapatkan jaud dibawah musuh entah dari segi hero,rank,skill, selalu tidak seimbang, minimal kasih tim yang seimbang dengan musuhnya biar game bisa berjalan dengan kompetitif engga berat sebelah.",1
"update hanya ke skin dan kualitas embel embel yang ga terlalu penting, namun kualitas jaringan pas war dibikin kadang buruk!, jaringan tidak stabil, padahal sudah pakai data dan wifi, banyak dapat team game play tidak seimbang, membuat main makin tidak menyenangkan dan fun. BURUK!",1
"game rusakdengan format seperti ini: ""Game rusak setelah update. Selalu stuck loading screen dan relog terus-menerus setiap kali ada musuh atau rekan tim yang pakai skin Angela Basic. Sangat merugikan karena bikin AFK paksa dan merusak WR Rank saya. Tolong segera perbaiki bug aset skin Angela ini!""",1
"Minimal kasi team yang bener, jangan semuanya gabisa main, giliran musuh dikasi yang jago, benerin dulu tu matchmaking, jangan ngurusin skin collab gaguna lu itu moonton. Lagi satu, minimal team sama lawan itu komputernya seimbang, di tim lawan komputer nya paham main, di team sendiri mati aja terus, sia sia gw top up dsini, kalau sistem hama gini jadi penghambat naik rank.",1
"game jelek, gak recomended, sinyal Wifi dirumah bagus dan lancar, main di game lain pun lancar, tapi pas main di ml malah lag awalnya mikir mungkin emang sinyal dirumah ngga bagus, tapi pas dicobain game lain lancar terus balik lagi ke ml malah lag, ping nya bagus tapi tiba-tiba harus koneksi ulang padahal udah pakai grafik yang paling jelek, patah patah, terus dikasih lawan yang rank nya beda, honor dikasih lawan imo 124-197 keatas, itu waras moonton.",1
"Matchmaking masih berantakan.Gak adil ! tim musuh sering terlalu kuat dan tim kita kebalikannya.Saya sebagai player solo bukannya menikmati game malah jadi stress.Tolong dievaluasi lagi sistem match nya biar lebih seimbang.Dan juga padahal jaringan di hp ku udah bagus tapi pas login/main ml jaringannya selalu merah, tolong itu kenapa ya?! menganggu banget kalo lagi main.Padahal itu di hp aku jaringanya oke² aja lohhhhh.",1
"ada masalah sewaktu saya ingin login, tidak bisa masuk ke game nya dan pada saat di layar utama tiba tiba nge freeze dan stuck dan saya tidak bisa menekan tombol apapun. Saya mohon untuk dioptimalkan layar utamanya supaya saya bisa login seperti biasanya lagi, device yang saya gunakan juga sudah mencukupi dengan memakai mediatek Helio g100. jadi saya mohon dioptimalkan lagi.",1
"saya sangat memohon kepada pihak moonton, mohon sekali, hapuskan akun-akun bot di mobile legends, karena sangat mengganggu kenyamanan player, contohnya:tidak bisa berkomunikasi, kemampuan bermain buruk, dengan ini saya sangan memohon kepada pihak moonton untuk memperbaiki sistem matchmaking.",1
"game bagus jaringan gak pernah bagus udah jarang login karena setiap kali mau main jaringan nya selalu bermasalah,,,,udah pake wifi atau data seluler pun hasilnya sama saja,,,,bahkan udah ganti kartu data yg bagus jaringan nya hasilnya sama saja,,,, jelek banget jaringan nya",1
"kenapa mlbb punyaku nge freeze?? padahal waktu sore saya main rank 2 match, dan waktu malam waktu ingin main 1 match, tiba-tiba pas login malah freeze, padahal saya bisa pencet mode game di handphone Oppo milik saya, dan suhu handphone saya masih normal, dan bisa keluar dari game, tetapi masih meninggalkan musik latar belakang, aneh sekali, aku tidak suka hal itu, tolong perbaiki secepatnya",1
"semakin lama semakin jelek saja kelakuan montok ini,,,jaringan tidak menunjukan penurunan atau merah tapi dalam game sering lelet,, dan juga monton tidak fleksibel dalam menilai player yg main,,,meski ada kecurangan di biarkan saja!!! terkadang jaringan bagus,wifi bagus, tapi dalam game leletnya minta ampun,,,ada apa sebenarnya,,,",1
"hahaha.. bnyk yg hate rate. tau kenapa? sinyal di game gak selalu mendukung, keseringan lag dan crash. Aneh, padahal sinyal manapun mendukung, tapi ketika berada in game, benar-benar crash.. coba perbaiki segala macam kekurangan dari game anda. Padahal bnyk peminatnya game ini, tapi bisa saja org lama² gak betah dg game anda",1
"Sistem matchmaking di game ini sangat tidak adil. Saya sering mendapatkan tim dengan rank rendah, sementara musuh memiliki rank yang jauh lebih tinggi. Selain itu, saat musuh bermain party (tim yang sudah kompak), saya yang solo player malah sering dipasangkan dengan tim acak yang tidak seimbang. Akibatnya pertandingan terasa sangat berat dan tidak fair. Tim gw rada2.",1
"di update bukannya makin bagus malah makin rusak, bisa bisanya lag di loby ngefreez, padahal hp gw lancar banget, tolong di fiks lah moonton, bukannya makin bagus ni game, malah makin rusak, terus sama masalah jaringan, padahal wifi gw 50 Mbps an, buat nonton youtube lancar, tapi di pake main lag banget, heran, tolong di perbaiki lagi moonton",1
"Saya mengajukan keberatan atas dugaan penggunaan AI Training/Bot dalam matchmaking MLBB. Saya berulang kali mendapat komposisi 3 pemain asli + 2 akun yang diduga AI/Bot. Indikasinya: profil buram/noise, hero dimainkan tidak sesuai display, akun diam di lobby berjam-jam, serta pergerakan tidak natural seperti dikendalikan komputer.Saya memiliki bukti screenshot, rekaman, dan riwayat pertandingan.Mohon investigasi dan klarifikasi. Jika tidak ada penyelesaian, saya akan melaporkan ke pihak berwajib",1
"Sistem apaan ini?? setim dengan player rank lebih tinggi dari gw tapi main asal, ga ada cover ga ada tim fight. kok bisa player model gini malah gampang naik rank. sedangkan aku harus berdarah-darah push ranked??!! parah amat sistemnya. lo pingin player top up sedangkan kau ga ada feedback ke player yang loyal sama game lo?!! lama-lama ya ogah top up kalo sistem begini. bye aku uninstall saja",1
"game SAMPAHHHHHH. udahlah matchmaking lama, suka ngefreeze waktu baru masuk, nabrak musuh jago, nemu tim sistem hitammm mulu suka ngelag padahal ping ijo, jadi tolong lahh diperbaiki,,,, kek nemu musuh yang sepantaran, nemu tim yang jago, gituuu......",1
Game yang sangat baik dengan pemain yang sangat ramah tapi saya tidak rekomendasikan game ini karena matcmaking di game ini tidak adil saya main dapat tim yang bot sedangkan tim musuh sekelas esport. Terkadang saya mendapatkan sinyal yang buruk saat bermain padahal internet/wifi saya dari NASA.Mohon diperbaiki lagi atau mungkin tidak sama sekali. Game yang sangat sempurna bahkan rating bintang satupun tidak pantas.,1
"Saya ingin menyampaikan keluhan serius terkait matchmaking Mobile Legends. Dalam beberapa hari terakhir, baik bermain solo maupun mabar, saya merasa selalu berada di rentang bintang yang sama dan sangat sulit naik meskipun sudah bermain lama. Matchmaking terasa tidak seimbang dan seperti sengaja mempertahankan pemain di posisi tertentu. Selain itu, beberapa event/poin seperti koin 5 dan 8 terus muncul/ spam, padahal user sudah memberikan diamond dan jumlahnya bahkan sudah meningkat.",1
"semakin buruk systemnya, sering lag di jaringan stabil, matchmaking yg buruk, banyak cheater, hero sering bergerak sendiri saat tidak digerakkan, sering delay saat menggunakan skill, sering delay saat mengklaim hadiah, banyak bug, dll.",1
saya merasa hukuman untuk player yang suka ngetrol masih kurang tegas atau pun kurang memberikan dampak yang signifikan.. player ngetrol di sini bukan hanya player yang memilih hero yang tidak sesuai dengan rolenya tetapi juga player yang skill bermainnya tidak sesuai dengan tinggi rannknya(jadi ada Gap antara skil bermain dengan ranked nya yang tinngi)...saya bermain solo rank mitik teman-teman saya skill bermain nya seperti player epic.. dan itu terjadi secara berulang dan konsisten.....,1
"game aneh, tim isinya kaya bot semua, musuh juga kadang ada yang bot, tapi lebih jago dari bot tim sendiri, jujur aneh, dan kalo bot keciri dari gerak geriknya, sistem matchmaking juga ga kompatibel, berat sebelah, kadang timnya ampas, musuhnya jago banget, dan satu lagi, ketika lagi war tiba tiba jaringan delay/tidak stabil, dan ini yang ngerasa bug di jaringan bukan saya saja, jujur makin kesini makin rusak ini game.",1
"game gajelas ini kita dapat tim warior sedangkan musuhnya top global + imo , mana bisa menang , lagi² ada bug jaringan pas mau war jaringan suka jelek da itu sangat mengganggu, buat orang yg habis pulang kerja lagi stres terus main ini game di jamin besok langsung gila. sudah sistem curang, banyak bug, dll .",1
"fungsi di adakan nya computer di mode rank untuk apa ya? perasaan player yang sedang active dan siap bermain banyak, mengapa harus di pertemukan dengan tim computer? tidak apa jika computer nya bisa bermain selayaknya player, tapi ini lain cerita karena computer yang di berikan rata-rata hanya melakukan feeder dan trolling di sepanjang in game yang membuat presentase kekalahan lebih besar sedangkan player musuh selalu di berikan player asli, menurut saya hal tersebut sangat tidak adil.",1
"jujur saya sudah bertahun tahun bermain mobile legends, tp sayang makin kesini sistem matchmaking nya berbeda, sering kali saya menemukan player bot (ai) dengan gameplay asal asalan, itupun saat kami ajak berkomunikasi, tidak ada respon sama sekali karena ya mau gimana lagi mereka player bot (ai), tolong hapus sistem mengganggu ini, sangat meresahkan dan tidak menguntungkan. terima kasih",1
"untuk semua fitur nya sudah bagus.. tapi tolong soal sinyal atau jaringan diperbaiki kembali untuk kenyamanan semua player yang bermain. soal sinyal di dalam pertandingan selalu hijau, tapi tidak dalam pertandingan.. itu masukan yang bisa saya berikan mengenai pertandingan atau semacamnya..",1
"Akun saya kena ban 30 tahun (10.135 hari) dengan alasan ""Cheat"", padahal saya TIDAK PERNAH menggunakan cheat/aplikasi pihak ketiga sama sekali. Saya sudah berbulan-bulan menunggu respon dan berulang kali klik tombol ""Bantu"" untuk banding, tapi SAMA SEKALI TIDAK ADA TANGGAPAN. Parahnya lagi, karena pop-up ban ini terus muncul di loading screen dan tidak ada opsi/tombol Switch Account, saya jadi stuck tidak bisa ganti ke akun lain. Tolong direspons dan diperbaiki!",1
"pembagian tim tidak seimbang!!! system untuk Melaporkan player yg bermain buruk tidak akurat!! dan di season terbaru ini makin rusak bagi yg bermain solo ranked, karena di dalam satu tim terselip akun mati yg di mainkan oleh computer/bot..ini sangat mengganggu kestabilan bermain di mode solo ranked!!",1
"matchingnya ga bener, dikasih bot terus, dipikir player betah? player bisa bosen tau, bosen bgt setiap main tim dikasih bot terus, saran gw gausah diadain bot gitu, bikin player ga betah, mana matchingnya ga bener, dikasih musuhnya jago semua, buat kalian yg mau download ini game, ga gw saranin asli, manis diawal nanti pas rank tinggi bakal di setting kalah.",1
"kurang memuaskan ketika maen solo sering mendapatkan tim yg g bisa maen sedang kan mendapatkan musuh sangat jago dan kompak sekali.menang sekali kalah berkali-kali. tolong muntun berikan tim dan lawan yg setara. dan ad masih bug yg harus di perbaiki seperti skil martis kadang"" bisa ngeblink kadang jg g bisa tolong di pet ya ....",1
"Mobile legend sudah menjadi game yang saya mainkan dari 2020, segala macam problem telah saya lalui. Tapi, untuk season terbaru saat ini. Saya tidak mengerti mengapa moonton memberikan saya Lag ingame??? Padahal selama di lobby, sinyal aman. Bar penuh karena saya bermain di tengah kota, tapi game yang saya rasakan sering kali lag merah padahal bar penuh. Saat lag, saya coba buka apk youtube untuk tes signal, lancar saja. Kekecewaan saya sudah memuncak, saya tidak lagi menikmati game..",1
"tolong dong kalo main temuin tim nya yang bener jangan yang dark sistem semua, cape gue maenya kebanyakan dark sistem, tolong temuin tim nya ama tim yang bener jangan yang abal"" gajelas, ditambah sinyalnya jelek terus... padahal sinyal saya sangat bagus tapi saat main jelek banget, mohon di perbaiki lagi permainannya",1
"game ga adil, tim nya jelek ga sesuai rank, dan juga protection nya kenapa -1 terus, game ga wort it buat di mainin. buat temen"" lebih baik cari game lain aja, ga wort it soalnya, dan harga top up juga mahal (over price).",1
"saya beri bintang satu, sebab saya kecewa banget Hero favorit saya yaitu (paquito) sangat berat dan tidak enak untuk dimainkan, untuk tampilan setelah revamp oke bagus hanya saja sangat buruk dibagian skil pertarungannya. game ampas di revamp bukannya makin kuat jadi berat",1
"Katanya Lunox di-buff, tapi setelah dimainkan malah terasa seperti di-nerf. Damage dan gameplay-nya terasa semakin mengecewakan, padahal Lunox bukan hero yang mudah dimainkan dan membutuhkan timing serta mekanik yang bagus. Tolong jangan hanya melihat angka dan menyebutnya buff, karena pemain yang sering menggunakan Lunox jelas bisa merasakan kalau perubahan ini justru membuatnya semakin lemah.",1
"Banyak yang pake cheat, tolong pelaku pengguna cheat itu diberi hukuman yang benar, seluruh timnya terdampak hukuman gitu. agar hal-hal tidak diinginkan tidak terulang. matchmaking juga tolong diperbaiki, tolong seimbangkan matchmaking tim dan lawan. untuk grafik dan skin dan lainnya sudah cukup baik, hanya saja sistem in game tolong lebih diperhatikan. saya yakin anda tidak ingin kehilangan player setia seperti saya jadi mohon bantuannya. saya bermain sudah lama tapi masalah-masalah selalu ada.",1
"Untuk pemain solo, Pemilihan tim nya suka tidak seimbang. Bahkan hasil laporan untuk pemain dark system & ngetroll tidak semua nya di respon. Terkadang AI yang jadi lawan terlalu Over Power, sehingga sulit untuk di lawan.",1
"Game ini sebenarnya seru, tapi sistem pencarian matchmaking sekarang makin hancur. Saya sering sekali dipasangkan dengan tim dark sistem yang cara bermainnya tidak jelas,dan terkesan sengaja memberi skor gratis ke musuh. Sangat tidak adil untuk pemain solo yang ingin serius menaikkan peringkat. Tolong pihak developer segera perbaiki sistem ini agar performa tim jauh lebih seimbang!",1
"game nya bagus, dari grafis sampai skin cuma kadang jaringan jelek sama tim tidak seimbang, tolong kalau kasih tim yang seimbang, tim nya dapet yang ga seimbang, udah kayak gini buang buang waktu, kasih tim yang seimbang please, kecewa banget game grafis bagus tapi tim ga seimbang, tolong diperbaiki dari keseimbangan timnya, sudah berkali kali lostreak😔, ga adil kalo solo, tolong ditanggapkan dan semua player asli menjadi tim kita sendiri jangan bhot dari game tersebut, ngelag terus lagi",1
"buat developernya, tolong kalo ngasih tim yg bener dikit lahh, masa ngasih tim kaya komputer, dan tolong buat bugnya di perbaikan lagi, masa pas war tiba-tiba ngeleg dan ngk bisa di gerakin heronya, sekali lagi tolong di perbaiki, dan sekali terimakasih 🙏",1
"saya bermain game mobile legends sudah cukup lama ,tapi di tahun ini banyak update dan saya menggunakan hp vivo1724 banyak sekali konten game baru yang saya tidak dapatkan mulai dari animasi hero baru/revamp tidak terlihat ,interface hero di loby hilang cuma latar belakang nya saja dan masih banyak lagi .tolong hargai yang masih main mlbb dengan ponsel terbatas/ram kecil.",1
"gabisa beli item saat rank(hanya bisa beli otomatis yg udah di buat dib persiapan) tapi di mode lain kita masih bisa beli sesuai keinginan. ga tau bug dimana yg jelas ga bisa hub cs, jadi penilaian yg tadinya bintang 5gua ganti bintang 1. sampai blgnya bener.",1
"game sampah, main udah bener masih aja di kasih tim yang ga bisa main, mending sekali dua kali ini mah berkali-kali, udah mah main solo musuh nya trio trus tim nya pada ga bisa main sampah bet sistem pembagian tim nya",1
"udah 10 tahun nih game jalan, tapi server masih aja busuk dan jarang stabil. Bukan bermaksud menjatuhkan tapi game kompetitor sebelah baru jalan beberapa tahun server udah stabil dan jarang jumping itupun sering ketabrak player luar negeri. lah ini game??? sampah banget!!!",1
"game yang tidak seimbang suka dapat tim yang selalu tidak seimbang setiap game kalah mulu capek gendong para dark sistem, dan masalah jaringan padahal bagus tapi masih ngelag dan delay jadi ya mohon bisa di perbaiki lagi :)",1
"Gua sebagai player lama kalo main classic/rank tolong lah kasih musuh setidaknya dengan player lama juga, jangan kasih bocah kemaren sore jadi 1 tim/lawan.. itu namanya penghinaan buat gua pribadi sebagai player lama, ni developer jangan cuma baca doang.. lebih ditegasin lagi lahh.. apa lagi sering ketemu musuh bot/tim bot.. seimbangin lagi buat penyesuaian tim/lawan lahh woiii.. game lu seru tapi kalo begini cara main lu lama-lama pensi gua",1
"sistem dalam permainan sekarang ini sangat buruk.teman se tim dan musuh sangat tidak seimbang.saya kalau main selalu di kasih tim yg tidak jelas,bahkan winrate nya jauh di bawah saya.sedangkan musuh selalu di hadapkan yg sudah jauh di atas saya.mau sebaik apapun saya main,tetap di kasih draft pick yg tidak jelas.jadi' pengalaman saya main game ini sekarang sudah sangat tidak bagus.sebenarnya saya tidak mau kasih bintang lagi,tapi karna saya masih punya apk nya'jadi saya kasih bintang satu saja👎",1
"Terkadang ada masalah/kendala jaringan lalu ada masalah lagi tentang pembagian tim macthmaking yang tidak adil, tolong lah moonton perbaiki sistem tersebut agar menciptakan kenyamanan oleh para player saat bermain sehingga membuat game ini semakin populer karena sistem yang diberikan game ini sangat bagus.",1
"maaf ya montoon aku kasih bintang satu , soalnya aku kalo main pas di menu utama, gak ada suara sama sekali, padahal udah di lihat di pengaturan suara tapi gak ada suaranya, dan saat nyerang itu juga gak ada suaranya, dan efek serangan nya tak terlihat, jadi tolong perbaiki ya agar aku lebih mudah memainkannya",1
"Saya berharap Moonton serius memperbaiki sistem matchmaking. Jangan hanya memperhatikan rank, tetapi juga performa individu, kualitas permainan, riwayat pertandingan, kemampuan pemain, dan keseimbangan kedua tim.",1
"game nya bagus tapi kenapa kalo mau masuk dan saat login itu lama banget dan kenapa kalo mau main sinyal nya selalu ngeleg padahal sinyal nya lancar lancar aja dan saat ingin menyerang musuh sinyal nya langsung ngeleg dan saat sudah dk eliminasi musuh sinyal nya langsung lancar, mohon untuk di perbaiki lagi ya🙏",1
"matchmaking ga jelas, gw main udah 10x lebih dapet tim troll, ga ngerti main, plonga plongo, main kaya bot, sedangkan tim musuh semua timnya main bagus, saya tidak merekomendasikan game ini sama sekali. game jelek, semua sudah di atur, matchmaking jelek dan tidak adil",1
"Monoton kenapa kamu menghapus fitur invalid pada draft pick ketika tim tidak kompak lagi yang dapat menguntungkan pihak lawan, padahal itu salah satu fitur yang sangat berguna di game yang penuh dengan player dan developer yang tidak berguna yang hanya mengahlikan isu lewat skin gratis",1
"sulit mengatakannya bahwa.. selalu saja dapat teman tim yg kasar. saya sendiri tidak punya hak untuk membalas, karena game ini selain menyenangkan pemain juga menyeimbangkan permainan. dimana pemain dipertemukan dg lawan dan tim yg setara. Saran, soal pemilihan lawan dan tim mohon lebih diatur dengan lebih setara, bukan berpatokan pada tingkat Rank, tapi statistika pertarungan jika memungkinkan. saya tak tahan diri saya dan game saya hancur hanya karena pemain lain.. terimakasih..",1
"Tolong lah kasih seimbang pembagian antar tim pas matchmaking. sebagai player solo, susah ni nemu tim yg sesuai rolenya. Banyak yg gak setara high tier rank se-tim. Banyak Bot di tim juga. Kemampuan main tim random mulai dari rotasi sampe pemahaman item gak setara. Segmentasi umur diperketat, jangan sampe player anak kecil dibawah batasan umur bisa main game ginian. Ini game hard think soalnya, butuh pahamin kegunaan item, emblem, dan rotasi. Tolong Regulasi & Sistemnya.",1
"game apasih ini, padahal sinyal nya bagus tapi kok masih ngelag, lu bisa ga sih perbaiki sistem nya, jangan keseringan dah... apalagi pas cari match matching musuh nya pada keras, tim nya pada ampas.... tolong dah perbaiki lagi,, atau ga hapus aja mobilegend ini, bikin sakit mata dan sakit hati",1
"saya hapus ni game hahahaha, server tidak stabil pas war tiba tiba ping naik ke 200-300ms, uniknya pas hero mati ping kembali normal, cheat apa gimana? hahahaha soalnya harley sama yz mati ping saya kembali hijau. tidak ada masalah di hp saya berjalan mulus di 60fps, karna kesel saya mencoba game sebelah ternyata ping nya di sebelah normal, di tempat yang sama, waktu yang sama, cuma beda beberapa menit aja. memang server game ini tidak stabil bahkan sekelas streamer mlbb aja pernah naik ping nya",1
"seringkali memberikan tim dan lawan yang tidak seimbang, mempermainkan player yang sebenarnya butuh 1 bintang lagi untuk ke tahap selanjutnya, selalu memberikan kekalahan disaat butuh 1 bintang lagi, setalah itu dikasih menang lagi, setelah itu kalah lagi, gitu aja terus sampe kiamat.",1
"game kebanyakan event, tapi sistem game nya gak di benerin mulai dari sinyal/ping tiba-tiba naik, sistem matchmaking yang sangat meresahkan apalagi kemarin ada bug device id yang merugikan banyak player, game cuman mengharapkan duit doang tapi gak tau keluh kesah player nya, setiap jawaban dari pihak lu cuman ""Mohon Maaf atas ketidak nyamanan nya untuk terkait masalah silahkan hubungi CS bla bla bla"" BACOTT sabar terus dari dlu sampe sekarang GAME TER AMPASS DI PLAY STORE",1
"Dideskripsi playstore menjelaskan permainan adil. tetapi setelah mendownload game mobile legend tidak sesuai yang di deskripsikan. Mendapat/dikasih tim tidak bawa retri, bermain feeder dan AFK. Paket komplit mengambarkan tatanan sistem permainan yang rusak, menyebabkan rasa tidak minat buat top up mengkoleksi skin dan melanjutkan bermain game ini.",1
"game gajelas, di team sendiri dapetnya bukan player tapi malah bot/ai aneh nya ga ketolong bug juga kaga dibenerin, pas login pake wifi malah ngefreez, tapi pas pake data malah kaga aneh bug nya, sistem match sama bug sama sama gajelas, skin di up hero up, lah bug nya di diemin lawak beut",1
"lain kali kalo ngasih tim yang bener, jangan ngasih satu tim isinya epik, musuhnya imo, udah gitu kadang solo ketemu musuh party, logika nya darimana coba, kalo ga bisa ngasih keadilan dari dulu gausah dah dibikin ni game, cuma buang buang energi, bukannya buat hiburan malah jadi cerita horror, mimpi buruk bener dah ketemu dark sistem tuh, ga ada benernya, paling enggak mah kasih tim sama lawan yang setara, jadi enak kaya game sebelah noh, pantes dah rating ni game rendah.",1
"Aku saya di ban karna tuduhan matching bersamaan yang hentah tuduhan itu datang dari mana, karna saya merasa tidak melakukan tindakan tersebut. Saya yakin bahwa sistem pendeteksinya yg keliru, tolong pihak developer untuk segera mengurus masalah ini, AI pendeteksi pelanggaran yang kalian gunakan untuk game ini masih cacat dan masih bisa salah mengira akun melakukan pelanggaran, tolong cabut ban saya.",1
"Kecewa. Sudah meluangkan banyak waktu bermain, tapi kualitas pengalaman malah menurun. Semoga pengembang benar-benar memperbaiki game, bukan hanya menambah event. Semakin lama semakin mengecewakan. Matchmaking terasa tidak adil, banyak pemain toxic, dan laporan seolah tidak ditindak. Pengalaman bermain jadi tidak menyenangkan.",1
saya menemuka bug akhir akhir ini yaitu saat draft pick sedang hitung mundur dan ketika saat angka 0 dia tidak masuk ke loading tetapi tetap di draft pick dan saat masuk loading tidak bisa menghubung kan ulang saya coba relog tetapi saat masuk loading mau ke in game malah stucj di 42% saya coba relog lagi malah match sudah selesai dan itu membuat bintang dan kredit skor saya turun semoga tim moonton membaca ini dan segera memperbaiki bug nya secepatnya.,1
"untuk server Europe tolong perbaiki sistem server nya,karna selalu bertemu team asia yang selalu bikin ngelag parah,ini bukan sekali atau dua kali tetapi hampir tiap hari main selalu begitu.itu aja permasalahan nya, tolong montoon itu di perbaiki.",1
"Hallo montoon smoga kalian dengar,kenapa jaringan lag terus,soal kartu gw gw pake bagus kok,malah kata call center nya bagus,tapi knpa klo di game jadi butut,ada apa montoon,udh bosen jadi game terlaris?? Mohon perbaikan nya, matching yang jauh tidak seimbang.",1
"tolong banget ya, kenapa ini banyak komputer ai di mana mana? bahkan di rank honor pun ada loh, setiap main solo keselip terus 1-2 ai itu. tolong banget, bukan ngebantu ini beratin tim, kadang gameplay nya ga kaya player rl. tolong di ubah lah, ga masalah banget kalau match making nya lama asal jangan di isi komputer ai, rawan banget kalah nya moonton 🙏🙏🙏",1
"pemulihan akun sangat tidak berguna di game ini, sekali akun anda bermasalah atau pun akun2 yang tertaut bermasalah anda dipastikan tidak bisa login kembali ke akunmu yang lama, game tidak worth it dengan sistem keamanan yang cacat",1
"sejauh ini game baguss cuma kendala kalo lagi solo rank kebanyakan dark sistem, dalam pemilihan player untuk tim, tolong moonton sistem matching pemilihan player nya haru di sama rata kan. saya sangat kecewa setiap main rank solo player tidak setara dengan tim maupun lawan nya. game lawakk setiap maen mengalami crash dan lag saat pertandingan berlangsung padahal jaringan bagus tolong perhatikan dalam perkembangan selanjutnya. dan juga buat player solo rank saya mengalami keberatan",1
"Anda bilang ini game 15 menitan? Hei otak berkepala kosong, saya menghabiskan banyak waktu untuk satu match. Saya sudah muak dengan server ini. Tim saya TIDAK PUNYA OTAK, sedangkan tim musuh ranknya ga ngotak. Kalo ngasih lawan BISA NGOTAK dikit tidak ya? Server ini sangat membuat saya KESAL. Apalagi bug game ini banyak sekali terutamanya saat saya memainkan hero Benedetta. Setiap ia mengeluarkan pasif bukannya pasifnya LEPAS tapi malah NGEDEN.",1
"lawak ni game, bikin tim aja kagak bisa, seimbangin lah tim musuh dengan tim kami, gimana mau ratingnya bagus kalau sistem nya aja kayak gini. Kasih pelanggaran dong buat player yg GK bisa main, bikin stres aja",1
"game ini sungguh tidak adil, memilih tim dan musuh yang berbeda kadang tim musuh lebih hebat dari tim sendiri kadang tim sendiri lebih hebat dari tim musuh, dan aku mempunyai perlindungan bintang 5 berkurang 2 dan tadi saat aku bermain menggunakan akun CarDus. tidak diberikan perlindungan ketika kalah, ayolah bikin game yang adil gitu lo dan tidak ada kejanggalan di dalam gamenya, atau semuanya akan terus menjelek jelekan game ini tidak adil. tolong dibantu.",1
"Jika ada yang afk, feeder, cheat, dll di mode arcade seharusnya bisa dilaporkan juga, tapi kenapa malah dibiarkan dan saat dilaporkan malah tidak ada terdeteksi melakukan hal tersebut (afk, feeder, cheat, dll). Saran kedepannya dipertegas lagi isu tersebut dan jangan sampai mengganggu pemain lainnya. Memang betul mode arcade tempatnya bermain santai dan seru-seruan, dan untuk mendapatkan nuansa tersebut harus bermain dengan pemain online (asli) bukan offline (bot). Sekian, salam Customer Service",1
"game macam apa ini, sungguh tidak adil sama sekali, terutama di masalah matchmaking, musuh musuh pada pro pro semua, sedangkan tim sendiri kayak gak niat untuk main, dan yang ke dua masalah ping nya yang berwarna hijau tapi tidak bisa bergerak sama sekali. ini penyebab player player udah mulai bosen dengan game ini, semakin kesini makin gak jelas nih game",1
"hadeh masa setiap game pasti ada computer 1-2 bahkan bisa 3, padahal game gede tapi pake computer pp blur kalo ga pp ai, kaya kekurangan player aja padahal game gede, mana gak bener lagi main nya, tolong benerin lah sistem draft nya moonton....",1
"Izin, akun saya hilang gara gara login ke akun ke dua pengen kembali ke akun pertama malah disuruh verifikasi giliran masukin kodenya malah dibilang salah gajelas gue hapus aja nie game percuma gue main setiap hari push misi setiap event.😤😠",1
"Akhir-akhir ini pertandingan nya nggak imbang terusss..sering banget ketemu musuh jago tapi tim kita gk bisa main 🙃ini bukan masalah menang atau kalah sihh,tapi seenggaknya kalau imbang kan,para pemain gak akan terlalu frustasi.",1
"klo bisa ngasih rating minus gw bakal kasih minus 100 sih buat nih game, polanya sama terus tiap main, bukan kalah sama musuh tapi kalah sama sistem sama tim sendiri, gak rekomen bnget buat main solo buat nih game komt#l dari jaman dulu bukannya berbenah malah makin ngelunjak",1
"moonton kenapa sih di akun saya selalu dapat tim yang drack sistem, setiap hari saya login main rank selalu dapat tim bego, moonton please periksa akun saya, tolong upgrade kembali akun saya, saya mau naikin rank aja butuh 1-2 tahun baru naik rank baru, tolong sangat diperhatikan player yang kesusahan seperti saya, dan kasihani lah player seperti saya yang harus dapat tim darck sistem, saya cuma mau belajar skill, tapi malah ketemu tim bego, please moonton tolong upgrade kembali gameplay nya.",1
tolong montoon jangan banyakin hero baru aja sama skin baru mending perbaiki sistem kalian... banyak dapat bot aja sama tiba2 koneksi terputus itupun dah pake wifi yang stabil sama data seluler... masih mau nyalahin jaringan... makin lama makin ancur sistemnya... lama kelamaan hilang nie game banyak ulasan buruk... jangan cuma maaf aja d perbaiki lah...,1
"akhir akhir ini sering lag knp ya moonton,jaringan baguss ,lagnya ketika draft pick dan di game sering ada aja lag nya ,tolong di fiks ya moonton lag yang ga penting ,udh lag ketemu musuh yang jago sedangkan team nya pada gabisa main, kalau gabisa diilangin bug bug sinyal yang ga penting sebentar lagi gakan rame ni game moonton,bentaran lagi juga pada pindah ke game sebelah wkwkwkwk.",1
setiap kali main di pertengahan pasti aja ngelang 😡 bikin bermain tidak nyaman. padahal sinyal dan paketan banyak dan harus mati ber kali2 pdhl sudah menghidar tapi Hero yg di pake tidak besar di kontor jln sendiri. makin ke sini makin main ga nyaman karena emosi lag yg secara tiba2 di tengah pertandingan,1
"jujur saya sangat kecewa dengan moontod, pasalnya saya hanya ingin memberikan informasi kepada teman satu tim bahwa salah satu hero musuh memiliki hp yg sangat rendah dan dapat ditumbangkan kapan saja. tetapi setelah pertandingan selesai, saya malah mendapat peringatan ""chat tidak ramah"". apakah hanya memberi tahu informasi kepada rekan tim dikategorikan sebagai ""chat tidak pantas"" ???",1
"game banyak bug, baru masuk game udah langsung ngefreeze gabisa di pencet apa apa. matchmakingnya juga aneh, musuh bisa full glory di team ada 2 mawi 1 legend dan 1 honor. udah gitu di game pun masih ada bug. please perbaiki bugnya",1
"Kalau ada bintang nol saya kasih bintang nol. Masa saat krusial mau epic comeback ngelag, sinyal perangkat aman padahal. Udah gitu dikasih kompensasi nggak sesuai namanya proteksi jaringan buruk namun bjntang masih tetap mengurang. Padahal yang salah sistemnya, perbaiki masalah ini secepatnya!!!",1
"aneh kok aku direport karna tidak mau berkontribusi team, padahal disitu aku selalu menghancurkan turret untuk tim menang dan yang buat aku mati banyak itu karna di incar oleh lawan, afk pun gak ada, kok bisa diterima? tolong lebih diperhatikan lagi.",1
"jaringan saat dalam permainannya sering tidak stabil atau tidak optimal, padahal wifi saya lancar lancar jaya. match making pun kyk sampah gk seimbang sama sekali membuat permainan berat sebelah, dan lagi orang""nya bakal lebih banyak jasa joki yg sering lu temuin di match makingnya, jadinya berakhir dengan mengurangi keseruan dalam gameplay itu sendiri, gua pun nyesel top up di game ini, karna pada akhirnya Hero yang gua beli skinnya pun, bakal di nerf habis""an yang jadinya buat apa GK dipakai.",1
"game nya sebenarnya bagus, tapi gw ga sanggup ngehadepin tim yg kyk gitu gitu aja setiap hari, cape juga nemu lawan yg skill nya jauh di atas kita smntara tim ada yg ga bisa main, aku yg dri mood main nya gegara klh ampe 6 kali win nya cmn 1 trus kalah win lagi kalah lagi, ampe 18 match, 10 bintang gw ngurang, gw ga bisa berkata kata lagi, g bisa ngedeskripsiin krna udh g snggup bngt, kalau mau player betah minimal komposisiin tim yg seimbang dan adil. SEKALI LAGI ADIL YA MOONTON!!!",1
koneksi mendadak tidak stabil dalam permainan apakah gamenya mulai rusak sepertinya mulai bermunculan sistem mod dalam ml sekarang mulai ada peretas dalam game aku mengalamin hal lag yang begitu extreme sertah dengan player satu team mengalami hal sama bisa kah anda memperbaikinya dan juga setingan dalam koneksi stabil sudah saya atur menjadi 4g jika terjadi gangguan sinyal tapi tidak berfungsi aku rasa itu tidak terhubung dengan Internet kami jadi moonton tolong selidiki permasalahan ini,1
"Hadeh ML kenapa lgi padahal udah uptade udah dowlond data sampai selesai tapi kok waktu mau masuk pertandingan kok malah ngestak di loadding biasa nya 35%,kalo ga 84%,99%terus menerus ga masuk dalam pertandingan dan sampai pertandingan selesai pun baru berhenti dan langsung keluar dari loadding tolong di perbaikan",1
"game burik... penipu, katanya ada perlindungan poin saat pke laen tertentu ternyata tidak. dan kalau udah 1 bintang lagi untuk naik rank tertentu di kasih tim draksistem. karena player solo.. tolong dimengerti atau diperbaiki game burik ini",1
"mohon diperbaiki dulu dalam masalah matchmaking dan tim nya, masa main sering dikasih tim isinya bot (komputer). susah jadinya jika diajak bekerjasama dan jadinya tidak seimbang antara musuh dan tim sendiri",1
"untuk ulang tahun mlbb sekarang setelah update juga, gameplay kerasa agak sedikit lambat dari gerakan/skill heronya, ping naik turun drastis, tiba tiba suka ngeframe/drop fps, cepat bikin hp panas saya uji coba pake 3 hp,",1
"saya setiap bermain solo selalu mendapat tim yang tidak bisa bermain mendapat musuh penjoki dan tiap main pasti terdapat bug digame dan sinyal sudah bagus stabil lancar ping hijau tetap saja tidak bisa bergerak dan banyak sekali musuh yang mengejek lewat pesan saat bermain , saat lagi war tiba tiba diam ping hijau wifi lancar stabil bagus tapi tetap ngelag makin kesini ml makin aneh aja beda banget dari yang lama tolong developer benerin gamenya",1
"Game ga jelas Napa si kalo main selalu lag terus kalo mati lancar tapi ini kayaknya server dari gamenya jadi tolong perbaiki jangan diem aja, gw main dirugikan ini padahal wifi dah bagus cuma di in game aja kek gini, mana selalu dapat team yang gak seimbang dari musuh 😤😤😤",1
"capek banget, sudah 4 kali ganti akun semua stak legend, gw dikasih tim cupu. bintang tidak bisa nambah, mudah diconter lawan, resiko bertemu musuh bot 0%, memang anj(terbaik). dan hapus aja fitur login Facebook, pas gua cari akun facebooknya buat nyari akun sebelumnya malah ngebug, bermasalah. dari awal aja gak usah pakai Facebook.",1
visual game bagus gameplay juga bagus yang ga bagus matching nya yang ga konsisten tim busuk semua main di rank tertentu dapat tim di rank yang tinggi kalau bisa ni game hapus aja di playstore ga percuma ngelatih mekanik buat main kalau dapat tim tetap sampah,1
"ga ngotak gamenya susah kali musuh nya di kasih yang pande maen sedangkan tim nya sengaja kalah semua ,ga ngotak yang buat gamenya kasinya yang susah terus tolong la di perbaiki dan juga bagi pemain yg memiliki riwayat darah tinggi dan stroke sebaiknya jangan memainkan game ini yg ga ada penyakit nya pun bisa ada setelah bermain game ini",1
"kalo ngasih tim yang bener aja, sistem sampah kayak gini emang meresahkan bagi player game lu, kurang 1 bintang kalo gua main malah dapet tim gak bisa main, terus musuh nya malah kayak spek pro player.",1
buat moonton keamanan nya tolong di tingkatkan dan untuk pengajuan pengembalian akun tolong di permudah dan di selidiki lagi akun yang di ajukan untuk di kembalikan akun ku hilang sampe sekarang GK bisa kembali padahal aku udah banyak top up di akun ku yang hilang itu 😭😭😭,1
kenapa mobile legen saya sering banget nge stuck contoh waktu sesi draft pick tiba tiba nge stuck terujung tidak bisa ngeban Hero dan pick Hero terjadi bukan sekali dua kali bahkan sering. hp saya realme 9 ram 8/128 biasanya tidak pernah terjadi problem seperti ini saya main pake hp ini kurang lebih 4 tahun saya kasih bintang 1 karna mengganggu performa main saya.,1
"gak yang kurang menarik karena, game ini perlu tim yang bagus. kalo misalkan kita dapet tim yang kurang kompak egois kita terkena dampaknya, misal kalo gak kompak kita kesusahan dari lening kita, kalo egois kita mau ngasih tau dia gak perduli, jadi kita kalah dikarenakan temen kita sendiri.! saya kasih reting satu karena game ini buat pusing aja, dan satu lagi guna monton kasih kita menang kalah itu apa?. kita sebenarnya mainkan game ini supaya hilang stress tapi dibuat stress lagi.",1
"sebenernya bagus tapi sistem matchmakingnya itu loh kenapa setiap main tuh musuhnya bisa main tapi tim sendiri tuh kaga bisa main aneh, kaya ga adil banget 1-2 gapapa lah ini 4 4 nya ga bisa main semua cape gw ngegendong ujung ujungnya kalah juga",1
"perbaiki sistem matchmaking yang tidak adil, misalnya saya bermain solo dirank glory kemudian bertemu dengan tim yang ranknya masih legend/mythic romawi,sedangkan musuhnya glory semua minimal honor. Hal ini membuat ketidakseimbangan antara tim saya dengan musuh terutama dalam hal skil atau gaya permainan, dimana efek dari kejadian ini saya maupun player diluar sana banyak yang mengalami lose streak. Tolong segera di fix karena hal ini sangat mengganggu ketika bermain game mobile legends.",1
"jujur agak kecewa sih fitur yang gabisa liat skin musuh dihapus, padahal itu ngaruh banget ke game, jadi lebih enteng ga freeze, mana lag mulu lagi jaringannya mah 20ms tapi anehnya tuh ngelag, itupun ngelagnya cuma di ml doang. MAKIN KESINI ANEH BANGET GAME INI",1
"game moba paling buruk,matcmaking tidak stabil,selalu di rugikan,padahal kemampuan kita sudah oke tapi selalu dapat tim yang low tier,banyak bug,sudah sering protes namun tidak pernah di tanggap i !!",1
"game yang seharusnya menghilangkan stress malah menambah stress, tim gajelas, sistem nya yg bikin kalah trus membuat player sulit menambah bintang, disaat tim bagus di kasih ping merah padahal sinyal bagus,,, tolong untuk di perbaiki sistem nya, saya tau bila menang trus akan bosan, namun jika kalah trus itu membuat banyak player tidak respect terhadap ml🙏",1
"bener bener game aneh masa main 15× menang cuman 2 kali, tambah lagi kadang pas main aneh banget tim aku orangnya pada ngak bisa main tapi tim musuh pro player semua, dan kalo kita udah laporin hasil pertandingan ini dampaknya ke kita ada gak? udah berkali kali ngelaporin tapi sama aja game play nya ngak ada bedanya, kami main game hanya ingin ngehilangin stres ini malah di tambah stres yang ngak darah tinggi jadi darah tinggi, tolong dong permainan nya di benerin lagi, baca dong @moonton",1
"game apa lah ini,game enggak jelas sinyal² ngleg Padahal sinyal bagus,pokok nya game paling enggak jelas di play store,saat wae bear jaringan ngleg parah tolong dong montoon di kondisi kan lagi untuk server,jangan mentingin Hero Hero enggak jelas tolong di kondisi kan lagi untuk koleksi jaringan nya",1
"tolong perbaiki koneksi internet nya lagi enak enak main tiba tiba langsung terputus, game terbesar di Indonesia kok kayak ini sampah banget jaringannya terus satu lagi kalau lagi main rank dapat tim nya kebanyakan drak sistem, bintang satu dulu tolong di perbaiki koneksi internet nya karena itu sangat menggangu",1
"game gajelas, udah matchmaking rusak, jaringan sering jumping, ditambah banyak bug, bug yg sangat menggangu adalah saya sudah memakai role roam pertama kali disaat hari itu tapi kenapa bintang saya tetap turun, sangat tidak adil sistem moonton, padahal saya mainnya sudah benar"" bagus, sedangkan saya bukan yg main roam, roam saya malah ngetroll mainnya dan dia bintang nya gak turun, sangat tidak adil sekali, karna bukan kali pertama saya mengalamin bug meresahkan ini, sangat tidak adil",1
"ulasan gw yg sebelumnya aja belum di benahi, ini udah ada masalah lain, setelah update season UI jd tambah berat, HP kentang makin ga bisa maen ini mah, gw yakin 50% player MLBB msh pake HP spek mid-low dan disinilah MLBB akan kehilangan player, dev tolol.",1
"gamenya bagus, tapi lawannya banyak sekali seperti teman satu tim yang egois, tim yang toxik dan sistem moontunnya sendiri, tidak bergunanya fitur riport, serta matmaking yang sangat tidak adil",1
"Game apaansi macthmakingnya lama dipertemukan sama musuh yang gak sepadan, dan banyak bot nya lagi. Saran dari saya gpp macthmakingnya lama (tapi gak lebih dari 1mnt) asalkan dipertemukan dangan musuh yang sepadan dan di tim sendiri jangan ada bot nya, udh muak gw stak di honor mlu",1
"moonton tolonglah, sering banget server down, jaringan gw bagus, wifi bagus, data seluler bagus, buat nonton youtube 4k juga lancar. pas main ngelag parah. tolonglah, sering banget kaya gini. kalah bukan karena skill issue, tapi karena lag dari server moonton sendiri. mending tutup aja dah ni game",1
Game yang sudah tidak bersahabat untuk solo player. Season ini main solo dapat winrate 40% karena matchmaking selalu berat sebelah. Demi memperbaiki kesehatan mental izin off push rank dan uninstall aplikasi ini selama 1 tahun.,1
"game membuat stres, meskipun kita jago kebanyakan di kasih tim beban, tim musuh kebanyakan yang jago jago kalau nge solo, menang 3 kali kalah bisa 7 kali, gak wajar lah, tolong perbaiki sistem ranknya, masa kocak",1
makin lama makin gak jelas game njq!!! ini trutama di advance serverr padahal jaringan baguss malah nge lag truss tambah updaten nya lagi makin di update makin rusak 4su!! padahal hp sudah ram 8+8/256 refresh rate 120hz k+ll!!! TOLONGLAH DI PERBAIKI BUQ NYA INI MOONTOON QSU!,1
"tolong perbaiki masalah jaringan, ghost touch, sama matchmaking nya lah moonton, masa semenjak update ini jdi makin ngebug? pas gerakin pakai analog hero nya ga gerak samsek, tolong lah gua se bintang lgi mau naik mythic padahal, tp malah dikasi masalah kek gt, matchmaking nya juga ga merata bgt, di season lalu gua udah honor bisa bisanya ketemu tim tier epic sedangkan musuhnya? 3 glory 1 honor sm 1 immo! which is itu ga adil bgt sih.",1
"kecewa sih, percuma big update 10th anniversary tapi kalo tampilan UI nya ga semua di terapin, kalo gitu ngapain update UI coba kalo tidak bisa dinikmatin semua di original server? semoga di terapkan ke semua di original server",1
"Game tolol. Baru download dan coba main lagi setelah sekian purnama. Pas masuk akun malah gak bisa, padahal udah ada kode verifikasi email dan dimasukin buat login, malah gak masuk masuk ke game. Gamr tolol",1
"setelah gw update ni ml jadi kayak sampah,padahal sinyal gw bagus malah merah terus kuning terus sinyal nya apa coba kalo sistem lo belom bagus jangan buat game dah lu perbaikin dah sistem game lo sinyal gw bagus combo wifi juga masih ngelek apa coba?",1
"pas maen nggak ada yang mau berkontribusi terus lalu kalo main suka lag padahal jaringan bagus + penyimpanan masih penuh , pas lag malah kena lancaran afk padahal lagi lag +jaringan nggak stabil",1
"Jelek sekali mobile legend ini. Jangan di download game ini, soalnya saya main di Rank ketemu publik seperti anomali (rank Epic - Legend 1) sedangkan musuh jago"" semua. Saya kasih rating mobile legend ini satu terus!!!!😡😡😡😠😠😠",1
"game burik, banyak bug, yang main bukan player asli melainkan bot, dari dulu sampai sekarang sistem matchmaking nya selalu gak benar!",1
"sesudah update sekarang, bang bang card yang ku tumpuk berkurang 100 padahal gak di buka 1 pun, meski pada akhirnya sebelum berkurang lagi aku pakai semua cardnya, bertanya pada customer service malah ai yang jawab, udah ga guna top up",1
"Kalau mau revamp, nerf, dan buff hero jangan pernah sekalipun/sedikitpun merusak skin yang sudah dibeli oleh para player dengan mengurangi efek skill dari skin tersebut, karena itu akan membuat para player menjadi sangat kecewa berat.",1
"Permainan tidak seimbang, saya mendapatkan musuh dari server india, membuat sinyal ngelag, konsisten. Moonton membuat saya tidak nyaman sekarang di season baru ini.",1
"pencocokan tim pemain sangat buruk, kami sudah dari mytik, kredit poin full malah di cocokan dgn epik abadi kredit 90, sekali di cocokan dengan yg seimbang sekali lagi denga para player bot, sistem random percocokan pemain sangat buruk",1
"game ajg, pemilihan timnya gak jelas. sinyal juga suka ilang-ilangan, update bejibun collab sana sini tapi sinyal tidak dibenahi. sehabis season dikasih tim pepek terus, rasanya susah banget keluar dari tier neraka(epic). gua sebagai solo player merasa dirugikan dapet tim pepek.",1
"game GK jelas lawan nya GK pernah seimbang tim aku pada bot semua trus tim lawan malah dapat yg ex imo anj,,,trus selalu nge leg padahal ping bagus memang game memeg aneh kali,,,kadang party jumpa sama yg solo semua kan tolol,,,benerin lah game ini,semua pada kecewa jadi nya",1
tolong masalah tim kerasa 1vs9 kasih tim dan musuh yang setara lah nonton gem udah bagus pembagian tim gak adil masa saya emas sendiri tim saya silver coklat semua awal seasons susah banget damage musuh gak ngotak ketidak adilan dalam permainan tim dengan musuh damage beda jauh gimana mau balikan keadaan kalau gamenya aja tidak adil,1
Honest opinion? Gw udah main sekitar 6-7 tahun and holy....Saran gw main ini game kalo punya party + friends. don't ever play on ranked solo. Buat bocil bocil yg di bawah umur plis banget uninstall ini game/jangan main ranked(stay on classic or brawl),1
gua kasih tau kebobrokan ni game. g ada tuh yang di gembor² kan matchmaking yang dipilih dan diselaraskan dengan performa pemain. yang ada tuh ya seenaknya aja mereka kasih bot di tim lu suka² mereka!! mana yg katanya battle field seimbang kaga ada.😡,1
kata nya permainan dalam 10 menit selesai sampai sejam belum selesai dan juga kenapa jaringan selalu leg tiap kali di gameplay nya sedangkan di lobby tidak terjadi ngeleg,1
"makin kesini makin parah aja ini game, ping saya bagus pas war tiba tiba jadi nge lag pas udah mati baru lancar lagi, gwe main game yg lain yg lebih berat lancar lancar aja",1
untuk monton tolong deh kenapa pas main sinyal jelek terus padahal sinyal ku bagus eh pas main ml malah sinyal jelek pas coba ke game lain sinyal aman aman aja pas main ml malah sinyal nya jelek banget aneh,1
player komplain nggak pernah di tanggapin . level tinggi di kasih se tim sama player level rendah. sinyal kayak muka balmod. pengennya have fun to main game ini cuma bikin emosi aja. MENDING PINDAH GAME LAIN MONTOON MONYET. game hama,1
ampas aslinya gw gamau ngeluh tapi dari 3 tahun lalu sering buanget ngestak di loding sampe masuk di menit 2 terus sekarang ganti PP juga susah pas ngestak nya jadi 5 menit lebih sampe gabisa main guwa udah muaaaaak,1
"woi monton, bnrin dulu tuh sistem match tim, masa gua dpt mawi honor sama legend mentok legend 1 sama imo nya 1 mage pula, gua roam tank kesusahan apalagi musuhnya glory semua sama mawi 1, apalh minimal musuhnya ada legendnya, ini glory 3 mawi 1 honor 1 di musuhnya, ngotak dikit mna kalah gw mvp lagi anj, gua ga masalah lawan sesama imo tapi kasi gua tim yg bener jg lah mana gua solo rank lagi malah tim busuk begini, game bagus system jelek buat apa cuh masa kalah sama epep ratingnya lbih tinggi",1
"mobile legend apaan nih masuk masuk nunggu loading lama banget buang"" waktu cuman buat nunggu biar bisa main udah gitu nunggu lama mainya kalah lagi ini developer nya gimana ini ga becus banget, juga kalau turun epic kasih lawan yang setara lah jangan kasih lawan yang udah nginjak ini asu moonton moonton perbaiki dulu tuh ml nya atau gua lapor biar game ini di berhentiin aja dari PlayStore",1
"pas gue mau ganti ke mode rank tiba tiba ada siaran live,pas gua mau tekan tombol x malah gabisa gua udah coba berkali kali sampai gua mau hapus ni game",1
geme ini tidak bagus untuk bersenang senang malah bikin setres Even nya bagus tapi yang main nya nggak jelas semua lain kali perbaiki pemainnya lama lama geme kamu judi sepi kalau kayak gini 500 juta kali killed tapi juga percuma peleyer banyak tapi banyak yang tidak tahu meta dan Ben Hero nya gak meta semua saya sudah main 5 tahun tapi silus nya gini terus,1
"terimakasih moonton,saya belajar banyak dari season kemarin,bahwa tidak selama nya kamu juga sempurna,ketikan rank saya sudah di ini dan bermain solo,ternyata saya banyak bertemu teman seperjuangan dengan rank legend.terimakasih atas game yang sangat menghibur dan membadut ini.adios formosa el contole selamat tinggal di sistem yg lebih baik lagi",1
"game yg isi nya banyak hama, dapet tim yg bego mulu, gua dapet tim yg baru ngerti main mulu, game ampas, udha gitu sinyal suka jumping padahal digame lain lancar HAMA BLOK!!",1
"Update malah kacau KWKW, malah makinlag, ngefreeze sampe masuk ke match 0% padahal ga afk atau masalah koneksi Wkwk",1
Hanya orang bodoh dan stress yang download game ini kalian cuman ngabisin waktu dan uang buat hal yang tidak manfaat sama sekali dari mana download ini game mending cari game lain saja asli gak da hasilmya mactmkingnya gak pernah adil selalu berat sebelah kita 1orang dan 4nya bodoh sedangkan tim lawan 5orangny jago main jago ngpick kompak pokonya jamgan download ini game nanti nyesel,1
"Moonton gak jelas, ngasih tim player ngawur, udah nya relag trus, Di buat susah maen solo sama sistem moonton, kalo di komen bilang nya lapor cs di in game, nnti di feedback, mana feedback nya masih aja gak berpengaruh, user2 bego masih aja di adakan, nyusahin player mateng, kalo mau jngn pernah di temuin user bego itu,, user baru di temuin user lama, sehebat hebat nya player kalo di satuin sama player bego ya sama aj maen sama bott trial.!!!!!!!!!!!!!!!!!!!!!!!!!!!!!",1
game yg gk bisa di mainkan spek hp rendah.. terlalu berat jika war berhenti sendiri tak bisa main..,1
percuma niat push rank kalau terus terusan di kasih temen yang gak bisa main lagian padahal hampir menang bisa kena combek aneh padahal harapan menag sangat lah kecil di sini sangat lah susah Menag dan untuk naik rank walaupun main ber lima tetap gak ngotak hampir menang di combek padahal musuh nya udah kalah telak,1
najis bgt suka bgt turunin naikin bintang aku pakek tim lawan komputer pro terus tim aku komputer noob najis najis terus musuh nya damage masih early udah kuat bgt ga normal iyuh gasuka udah mainin game ini dari lama tapi sama aja,1
"monton tolong lah masa iya wdp naik harga tapi kualitas jaringan masih busuk? pliss lah benerin tuh jaringan, game lu soalnya yang paling ampas kalau soal jaringan, tapii kalau segi tampilan oke lah, masa iya pubg ping 60-150 ms masih lancar sedangkan game lu lag banget, game kedua ini emang berbeda tapi gw bandingin sama pubg karena jelas itu game berat salah satunya juga, kalau gak lu perketat lagi dah soal cheating soalnya masih banyak tuh",1
Saya tidak akan pernah top up lagi dalam game ini. Sistem matchmaking terhadap pemain solo seperti saya selalu merugikan saya dan tidak ada keseimbangan dalam pembagian tim. Game ini sarat akan pengaturan permainan agar oemain ketagihan dalam bermain.,1
"sangat tidak bagus, pertama maen agak enak banget, lamakelamaan semakin sulit dan menang 1 kali kalah sampe 1000 kali👎, main sampe 30 menit ujung-ujungnya kalah, dan itu bukan hanya sekali tapi berkali-kali, minimal lah: menang satu kali, kalah 2 kali. seolah-olah kita di permainkan sama moonton, kalau begini. katanya game ini, kalok kita maen bikin tenang, nyatanya tidak.",1
"game yang sangat LUAR BIASA. Matchmaking nya benar² unik dan penuh kejutan, tidak pernah tau bakal dapat tim seperti apa... Sistemnya juga sangat ADIL.. terutama saat musuh jago² sementara tim sendiri sepertinya SEDANG MENIKMATI MODE SANTAI. durasi match juga sangat MEMUASKAN 10 menit bisa berkembang menjadi 20–30 menit sehingga waktu luang benar² tidak terbuang SIA². sangat COCOK untuk melatih kesabaran, menguji mental, dan meningkatkan kemampuan menerima KENYATAAN. Terima kasih",1
"tadi saya main, mulai dari matcmaking udah delay, saya kira wifi nya ngelag, ternyata semua player juga gitu, pas in game juga gitu, semua player pada ribut ngelag, nah musuhnya surren, tim saya win, dan tim saya semua bintangnya pada naik, saya doang engga naik, game nya rusak atau gimana, moonton??",1
halo ini game nya bagus sih tapi maaf aku kasih bintang satu ya🙏🏻 tolong di perbaiki lagi ya soalnya masa saya main solo ketemu musuh yang gak sepadan terus kadang ngelag ngelag sendiri padahal jaringan lancar kalau udah adil ama bug nya bug ngelag di perbaiki saya kasih bintang lima deh tolong lebih adil lagi yaaa wahai pencipta game ML🙃,1
"game tidak bisa memilih tim dengan benar, terlalu banyak yang tidak bisa main tapi ranknya tinggi ini sangat aneh mungkin moonton perlu memban pemain seperti itu, karna ada kemungkinan mereka joki atau melakukan chit , moonton jika belum memperbaikin sistemnya maka game ini lama kelamaan akan sepi dan ditinggal pemain",1
"saya gk suka sama game ini, yang pertama masalah sinyal, padahal bagus aja sinyalnya tapi pas main game ini slalu lag, yang bikin kesel pas lagi war tuh slalu lag nya pas mati bagus aja tuh sinyal, yang selanjutnya msalah pas ada player pake chet, player tocksik dan lainnya pas di laporin slalu aja gk direspon, dan seperti chet malah tidak di ben, malah kata katanya tidak melakukan kesalahan lah dan lain lain, dn mslah lainnya yg msih bnyak stelah prubahan ini jdi beda bngt dhh ML nya!!!",1
"game ga guna,niat senang2 mala di kasi lose ber turut2 kalau menang 1 atau 2 kali berturut bakalan kalah 5-6 x gila banget gimana mau imo ngasi dark sistem ga ngontak belum lagi sistemnya juga bikin muak + ngebosenin modenya itu itu aja yg ada,tampilan tempatnya juga gitu gitu mulu gada yg lain.",1
jangan mau instal games Mona ini karena kita bakal di kasih 1kali menang 3 kali kalah itulah draft nya suka di kasih tim beban kalu sudah menang 1kali mending main games lain aja dari pada nyesel. untuk penyimpanan memori nya lumayan gede bisa sampai 10gb an,1
game ini kayak ada sistem yang menjadikan player nya korban. apalagi jika player bukan YouTube atau tiktok live. dan jika player yang bukan gratisan. tapi dia juga bukan YouTube. maka dia akan jadi korban sistem. saya pernah coba. level Hero yang saya gunakan lebih tinggi dari lawan. dan build juga damage. tapi tetap aja kala sama lawan yang level nya masih di bawah saya. jadi game ini game' sistem. dan sistem nya hanya mendukung para streamer dan YouTube serta pembuat video tiktok. kecewa bange,1
"game ga guna , skin bagus Hero bagus tapi lawan nya lincah keras bikin aku lose streak sementara tim gatau kayak apa gua kasi bintang satu soalnya gua muak sama ni game walaupun banyak yang suka aku udah cape bikin stres aja ni game",1
"pembagian tim dan musuh nya sangat buruk di mana kita sllu dpt tim bot low mekanik dan musuh bot hig mekanik , game settingan win lose yg sengaja di ciptakan sistem, game penuh scrip cheat room wangi joki di mana semua itu terlah bekerja sama dengan pihak Dev atau kru moonton, game ini sangat buruk",1
"moonton perbaiki matchmaking masa dapat tim gak seimbang lawan nya, sekalinya dapat musuh bot damage nya ga lazim gimana mau push rank masa naik turun2 terus, kadang juga masalah di jaringan ya tiba2 lag padahal wifi ku lancar tolong diperbaiki masalah2 ini.",1
interface Layla 10th busuk banget bikin game jadi berat bat mana ga bisa diganti lagi + sinyal nya gampang merah Mulu tiap maen tolong interface nya bisa diganti saya ga suka liat interface Layla nya serasa berat hp saya kalo liat Layla udah lah dapet tim beban trus dibikin lag terus dibikin kalah menang melulu game apa si ini bisa dioptimalkan ga si,1
"katanya satu game 10 menit, dan pertarungan yang adil. tetapi yang aku alami 1 game bisa sampai setengah jam dan tim yang gak bisa main sedangkan musuhnya pada bisa main dimana letak keadilannya.",1
"Bagi kalian yang ingin push rank, saya sarankan kalian push nya party karena kalau party lawan nya akan seimbang dengan tim kalian, kalau kalian solo/duo/trio itu tim kalian dan musuh ga akan seimbang. Jadi kalian jangan komentar kalau setiap main tim dan musuh nya ga seimbang, karena itu percuma moonton gabakal peduli dengan ketidakseimbangan matchmaking itu, moonton lebih suka ketika kita bermain solo/duo/trio itu kita lose streak daripada win streak.",1
Sistem Hukuman nya masih terlalu sedikit sehingga masih Banyak pemain Yg Troll atau AFK di saat Rank . Matchmaking nya juga sengaja di kasih gak sesuai. Saran : Terutama untuk AFK Hukuman nya di kasih Lebih berat biar gak buang² waktu. Minimal Point perlindungan juga Nambah biar tidak terlalu di rugikan.,1
jaringan saya bagus. bahkan saya coba di berbagai aplikasi jaringan saya tetap bagus tapi tiap main ml mengapa begini? tolong di fix moonton jgn hobi nambah fitur tapi juga harus ngurangin error. mau nambah pemain tapi yg dirilis fitur yg dibenci player mulu. giliran kata kasar gercep giliran hacker/bug malah gk mau ditangani.,1
"Ini game dengan match mangking paling tidak seimbang dari semua permainan moba, mohon di perbaiki matchnya ya moonton contoh masa bisa si rank glory dapat tim legend dan musuh semuanya udah rank imortal ga logika itu bro... jadi saya harap untuk memberikan performa lebih bagus dan perbaiki matchnya ya sekian terima kasih.",1
"Matching jelek, ga seimbang (apcb immo diketemuin sm trio honor) terus tim musuh pada immo semua, sinyal naik turun padahal bagus, banyak bug skill, banyakin aja tuh skin tpi ga diperbaikin sistem nya gaje emang (ga gw hapus sebelum nyampe rank immo 150+)",1
"Game rusak, TOLONG DONG PING SERVERNYA DIBENERIN, SANGAT BURUK SEKALI PINGNYA PADAHAL WIFI SAYA LANCAR LANCAR SAJA tiap main jaringannya selalu merah, sungguh ini sangat menyebalkan dan menurunkan keseruan dan pengalaman bermain, gara gara jaringannya saya selalu kens comeback musuh padahal sudah unggul dari awal, sinyal juga sudah saya tes tapi pas masuk in game nya malah ga jelas. Mengecewakan. PLISSS TOLONGG BETULINN MASALAH JARINGANNYAAA BENCI BANGET SOAL INI PING HIJAU DI LOBBY CUMA GIMMICK",1
tolong yah anj dark sistem tuh di ilangin ngentod gua lose straight mulu anj kecewa gua main game ini udh abis berapa gua di game ini tapi jumpa orng luar mulu gapande main jumpa bocil gapande main tolong perbaiki yah kentot,1
"game yang bikin stress,kalah teruss setiap hari nemu tim bot,dan gak bisa main,menang satu kali kalah berkali kali,ngetik b aja pun haruss kena langgar chat tidak ramah,kirain baguss naik rank ternyata malah di kasih musuh yang udah mytic ke atas,bukannya kasih musuh setara malah ngasih musuh yang jago gak setara,tim kadang jago itupun cuman sekali,tim gak seimbang,musuh pada bagus baguss giliran kita di kasih tim gak guna.mending pensi kalo gni,capek ngerank ujung ujungnya kalah teruss.",1
"Tolong perbaiki game ini! Matchmaking makin hancur karena sering dapat tim beban dan dark system. Main solo selalu ketemu musuh party yang jago, tapi giliran satu tim malah dapat pemain noob, toxic, dan feeder yang anehnya tidak pernah kena banned. Parahnya lagi, game sering lag dan patah-patah padahal sinyal bagus, servernya bikin bingung. Sistem kredit skor juga parah, masa AFK karena sinyal hilang + di laporkan tim kredit skor hilang 11,8%",1
"Keseringan dikasih tim yang tidak seimbang, dapat musuh yang jago tapi dapat tim yang gak bisa main sumpah mari rame2 uninstall ni game yang hanya merusak psikis dan buang-buang waktu, game kapitalis lagi, mending jangan download game ini",1
"matchmaking yang aneh,, setiap main mau menang aja harus kalah dulu 4 kali baru bisa menang sekali selanjut kalah lagi, dan selalu seperti itu, langsung gue uninstall, game sangat buruk",1
"tiap di mith naik 15,20,25,30.. pasti di bikin ampas. musuh kerasa doble damage, sedangkan hero kita mines damage.. selain itu biasa aja.. semakin ampas kerasa maennya.. udh menghindar tpi malah ketarik nyangkut, musuh single, udh hit kawan kita malah kena kita damagenya.. kondisi itu tiap mau naik 15,20,25,30,35,40.",1
"mungkin ini saran yang ngga terlalu ngaruh, tapi tolong dong untuk mode VS a.i, bot yang satu team dengan kita di samakan tingkat keahlian permainannya dengan bot musuh, setelah pembaruan baru-baru ini saya merasa bot VS a.i meningkat kesulitannya bahkan untuk yang mudah, jika bot team kita adalah hasil serapan dari pemain/player lain yang di jadikan bot, lebih baik di jadikan bot computer semua saja karena kalo ngga dapetnya dark system mulu, kalo mode custom ga seru karna bot-nya main asal",1
"Diberikan bintang 1 agar developer mengerti tentang kestabilan jaringan itu penting, ini benar-benar nyata, saat bermain game lain seperti Wildrift, Honor of Kings, bahkan Genshin impact jaringan saya cenderung sangat stabil, namun di mobile legends ini berbeda dan terasa sangat nyata ketidak stabilan jaringan setiap permainan memiliki koneksi buruk.",1
barusan aja nih di tanggal 27/07/26 pukul 21.29 gw main solo dan sinyal Wifi bagus banget tapi satu tim gw semua sinyalnya jelek secara bersamaan. alhasil yg awalnya udh unggul tiba² kena comeback karena hero jalan sendiri gajelass. dan paling parahnya setiap akan naik ke mitik pasti sinyal rusak parah,1
"Developer kikir optimalisasi, masa solo ranked ketemu bot moonton, kemudian di tim saya dikasihnya bot bego, sedangkan di pihak musuh malah di kasih bot yang lebih baik bikin momentum, macam tank/fighternya, sudah sesepi itukah game ini?? ada 1 lagi keluhan saya, ini bang bang card napa dikasihnya 32k battle point sampai 2× loh???, ga dikasih emote/border avatar nih?????, dasar developer kikir.",1
"tolong diperbaiki sistem machmakingnya!!!, saya main solo kenapa sering sekali di kasih tim trio/mabar, ga adil dong saya solo, ketemu tim yang mabar, di tambah lagi dia bawa yang gabisa main/ranknya rendah di bawah saya, tolong juga perbaiki sistem tim yang lu kasih ke gua, skill gua jago di atas rata² kenapa di kasih tim yang ga jago?, kudu setara dong sama skill pemain kalo mau ngasih timnya, cape player solo gendong tim yang gabisa main, udah gabisa main memperbela diri pula, tolong di fikss",1
maaf ya saya mau nanya kenapa tim saya dan tim musuh berbeda 360 derajat musuh jago tim saya bego nih contohnya jalo musuh pick yss jago kalo tim saya pick yss bego dan satu lagi kenapa lagi enak enaknya main sinyal hijau langsung merah waktu kalah level dan gold sinyal bagus tapi kalo lagi menang gold daan level sinyal langsung merah jawab secara rinci dan secepatnya moonton,1
"monton tolong di perbaiki lagi itu game nya soalnya JARINGAN GW KOK NGELEG !!!!!!!!!!!!!!!!, game nya tolong di perbaiki lagi jaringan gw tiba² ngeleg padahal udah di Deket wifi nya plus dataseluler tetep NGELEG!",1
"Gamenya bagus,cuma minusnya kalo nggak bisa main mesti ada yang bilang""Mending main pou aja dek"" dalam berbagai segi memang bagus tapi rata² player yang aku temuin pada toxic udah gitu aja.",1
"Apk tidak rekomendasi, sinyal wifi dan paket data sangat bagus, tapi gitu main ngelek banget uda gitu di turunkan poinnya karena pelagaran AFK. masih banyak apk game lainnya lebih seru dari ini",1
"Game sampah. Gak pernah gua dapat tim yang benar. anomali semua. rank imo ketemu rank mytic, padahal diakhir pertandingan gak ada yang main duo maupun trio. matchmaking yang sangat tidak adil.",1
"Moonton, hpku habis ke reset pabrik(ga sengaja), aku udah berhasil login ke akun-akun Googleku, tapi pas aku mau login ke akun emelku, malah ga bisa, akhirnya aku chat CS, aku punya semua bukti kalo aku pemilik akun, tapi tetep ga bisa, aneh banget, tolong moonton, ini akunku dri 2022, aku dh kehilangan 2x, jangan kek gini lgi... 😭😭😭",1
game apa ini dikasih kalah terus tim gak bisa main musuh nya jago mohon moonton kalau kasih musuh yang sepadan dan tim yang bisa di ajak kerja sama aku ratng 1,1
"Server kok bapuk amat, setiap kali war tiba2 karakter ane berhenti tau2nya MATII... Dan jalan biasa patah2 gitu.. Semua ini terjadi di jaringan 4G+ pake kartu tri dengan stream youtube lancar, maen Facebook aman.. Nggak tau cuman main game ini aja yg Lag2..",1
"ini game judi, mengatur setel player nya menang atau kalah, 1 bintang lagi saya glory dan mereka kasih match dg musuh saya 2 orang ex imo sedangkan di tim saya paling tinggi cuma bintang 93. Begitu terus bolak balik supaya player nya tidak puas dan memainkan banyak match. Game ini memanipulasi kemenangan dan memberikan efek ketagihan secara sengaja kepada player nya dg cara memberikan kemenangan beruntun lalu memberikan kekalahan beruntun, sistem nya seperti judi. Terlebih game ini pay to win.",1
"gema nya udah gk ke urus tiap main solo atau partyan selalu kalah , satu kali menang seterusnya cuma kalah, kalo begini lebih baik game nya di tutup aja moonton udah kikir, gk peduli sama gameplay nya lagi udah banyak juga yg ngerasain gameplay buruk, kikir dan gk keurus kebanyakan keluarin terus mangkanya gameplay nya gk keurus.kalo bisa sih gw gk akan kasih satu bintang ke game ini kalo bisa setengah bintang aja.",1
"Kesini tambah kesini semakin parah laggingnya. 5 Provider, dari Indihome, 3, Axis, Telkomsel sampai Smartfren isinya lagging semua, kalau sendiri ijo tp klo war lag parah dari 400 - 500 hampir tidak bisa jalan dan smpai menghubungkan ke jaringan. Gila Monton nga ada perbaikan.",1
gamenya makanin ram. hp ku sering mati sendiri Mulu. banyakan data game ini. tolong lah moonton jangan biarkan player mu ndoulod ndoulod data terus. kalo bisa main rank tanpa data aja juga gak papa yang penting bisa main lagi. hp ku dah gak kuat sering mati ram ku,1
"keluhan saya buat game ini adalah karena pembagian tim nya yang berbeda rank, misalnya rank pro di gabung dengan rank pemula, menurut saya itu merusak jalannya permainan, karena level pro dan pemula itu seharusnya tidak di campur demi membuat kedua belah tim saling bersaing dengan baik.",1
"Game nya seru, tapi tidak dengan tim nya. solo rank selalu saja bertemu dengan orang-orang feeder, tidak biaa main, dan egois., setelah mencari teman di global, rata2 mandang akun, dan kadang bertemu org yg tidak bisa main. Entah hari senin, selasa, rabu, kamis, atau hari lainnya, semua nya tetap sama saja gd beda nya. Hahaha, padahal niatnya serius main rank, tp malah ketemu tim yang egois dlm memilih hero, alias kalah. sementara main clasic untuk bersenang2, tetep sm aja, gaada beda nya.",1
"matchmaking sangat buruk, selalu ada anggota tim yang tidak bisa berkontribusi dengan gameplay yang sangat buruk. saya hanya dikasih satu kali menang dari 7 pertandingan karena matchmakingnya sangat buruk",1
"banyak player bikin room custom buat jebak player,lalu dipause dan player tidak bisa keluar,harap ditingkatkan sistem pada costum supaya player tidak terjebak dan memudahkan player untuk keluar secara mandiri.",1
"Jujur ini sangat tidak memuaskan.""Kami memberi tim yang adil dan memenangkan pertandingan anda!""scam sekali, setiap main rank lalu kalah dan tidak ada protection card, itu bintang nya suka nurun setiap kali kalah sekali doang, protection card juga gk berlaku, palingan cuma 1 match ranked doang, lalu masalah tim ini jujur sangat tidak imbang sekali, padahal saya itu udh mau mytic tpi malah kalah karna masalah tim dan jaringan yang sngt tidak memuaskan",1
keluhan yang belum di dengerin oleh moonton adalah tolong ini kenapa kadang-kadang tu analog in game nya itu gerak sendiri dan nggak bisa di gerakin udah kaya jaringan jelek padahal jaringan bagus kok. apalagi itu pas war gede tiba-tiba ngelag kita udah mencel ulti lah eh malah nggak ke ulti teruss kalah deh.... tolong dong di perbaiki lagi,1
sistem matchmaking buruk saya selalu menemukan bot saat saya main padahal di rank honor itu sangat merugikan saya maupun orang lain karena bot tersebut bisa ada 3 dalam tim sementara player asli hanya ada 2 tolong perbaiki sistem matchmaking nya🙁🙁,1
"Sampe sekarang sistem report ga pernah berguna, berkali-kali ngelaporin akun yg feeder berkali-kali juga dikasih tim yg feeder, raup keuntungan banyak dari player tapi merugikan sebagian sumber pendapatan nya wkwk, pengen tau sebenarnya setelah ngelapor itu ada tindak lanjutnya atau cuma sekedar respon bot doang.",1
"saya kasih bintang satu aja soalnya game ini sering dapat ejekan sama time lain, karena saya selalu main ranked di mobile lengeds game ini selalu ketemu di bas pertama dan di bas kedua di ujung2nya di mobilengeds ini, saya mintak tolong kepada developer/yang megang kendali mobile lengends, tolong ya lebih ringan aja kalau main di rank, kalau pas main mesti dapat mainya enak terus play rank lagi ketemu amat sulit sayakan pingin ringan aja tolong bang montoon harus di perbaiki lagi time A&B.",1
monton plis jangan temuin gua rank nya Ama glory min sekali mah gpp tapi setiap gua main mode apapun dan tolong perbaiki jaringan nya karena saya merasa ngeleg pada saat bermain dan ping nya berwarna hijau tolong perbaiki dari saya itu saja terimakasih,1
"perbaikin bug server lo,jgn cuma update doang yg di tambahin. Apalagi akhir season ini gw lagi sering bgt kena nge freeze di lobby,baru masuk dah kena tuh nge freeze gabisa mencet apa-apa gw,terus jaringan inti dari masalah semua ini💔 jgn kalo ping nya merah pas di pencet malah ijo woi fitnah terbesar sih itu..ntar ujung-ujungnya malah kena afk hadehh,plis dehh gw harap pas reset season semua bug server atau pun lag di perbaikin semua,itu bermasalah bgt tau ga??😹",1
"Matchmaking tidak pernah adil, terutama untuk solo ranked. selalu tidak balance, solo ketemu party, tier Rank yang tidak seimbang antara tim dan musuh. Toxic, dll.",1
"sangat buruk!!!! kenapa saya selalu dipasangkan rim yang tak tau basic bermain game dan lawan yang berbeda 180°, dan saat saya sudah membuat early game mudah dan tak sengaja afk dengan kesalahan teknis sistem sendiri tapi mereka tak mau memberikan bintang lebih baik developer game ini memberikan kompensasi terhadap masalah ini!!!!",1
"sekarang lagi gak bisa pencet apa². udah restart HP, udah relog berkali² tetep aja gk bisa login. sekalinya bisa masuk, pas draft pick/loading screen malah ngeframe. tiba² afk pas tengah² war. ini mas muntun tolong perbaiki ya, jangan dendam terus pls",1
"sistem report tidak bagus, player yang melakukan pelanggaran seharusnya di berikan ban maksimal 7 hari, saya benar"" tidak suka dengan update yang sekarang, player yang melakukan pelanggaran hanya mendapatkan balasan berupa penurunan credit score dan penurunannya pun tidak seberapa, saya harap sistem lebih bijak agar player jera melakukan hal jahil di dalam permainan",1
"sudah 40 kali lebih main, dapat tim itu' truss. ngk ada bedanya sama bru pertama season baru ini. timnya banyak yg gk jelas. mungkin yg main lansung dr montoon atau gk tau, intinya ini game bagus cuman systemnya jelek sekalii, gk pernh di liat sistemnya, ntah gk tau yg buat gamenya bisa menang apa gk.",1
"pesan buat moonton, 1. pesan laporan masalah player jarang dipedulikan 2. jaringan sering terputus dan lag pas lagi war 3. banyak event² yang menuhin ruang penyimpanan 4. ada beberapa yang make cheat, sehingga mengganggu saat bermain 5. lawan sering diunggulkan dan tim sering mendapat rekan komputer/bot 6. pengalaman machmaking yang ga seimbang, lawan rata² Mantang imo, glory, honor, tim sendiri epik sama legend, kadang ada yang udah imo tapi main kaya komputer udah itu dulu moonton.",1
"tolong min saya ketemu bot terus di game ini itu sangat tidak nyaman saat bermain solo rank ini membuat saya kalah terus menerus , kalo ada satu tim yang bot pasti kalah dengan player asli bukan bot , apalagi kalo main jam malam kaya subuh , itu auto dapat tim bot plis kata nya game rame tapi enggak bisa bikin sistem adil saran kalo bisa server nya di gabung ajah jadi global janagn Indonesia dong kaya game sebelah udah pasti gak kekurangan player...pliss monton 🙏🙏",1
"jujur udah di fase muak sama mlbb karena sering banget ngesatuin player asli dengan bot AI, dalam satu pertandingan ada masing-masing 1 atau 2 bot AI yang di masukan di dua tim dan sengaja di jagoin agar menguntungkan salah satu tim dan di tim yang satunya sengaja di buat tidak jago saat bermain agar merugikan tim tersebut dan saya sudah sangat sering ketemu dengan bot AI tersebut, biasanya selesai pertandingan mereka akan ngestuck di menyelesaikan pertandingan atau ngestuck di dalam lobby 👎👎",1
saya kasih bintang 1 dulu moonton harus merubah lagi ketika masuk loby kalau bisa rollnya jangan di tentukan karna bisa saja mereka memaksakan diri bermain di roll yang meraka tidak kuasai sehingga ketika bermain tidak sesuai yang kta harapkan terutama expy dan room banyak player yang memaksakan untuk bermain di lane itu dan hal hasilnya tidak sesuai kalau bisa di perbaiki lagi dan banya player ngetroll di saat bermain ada yang katanya yang sering bilang dark sistem,1
"jadi kan aku coba ambil hadiah dari perbaruan patch,nah di hp ku malah error dan game ngefrezz hal hasil download data baru dan terpaksa hapus data lama, tolong lah kalo patch baru belum sempurna di hp kentang jangan di suruh download dong kan yg jadi korban aku karena harus download data baru karna data lama korup/error 😠",1
"sistem Matchmaching ngaco gk seimbang, penjoki di pelihara masih sering nemu rank tim jauh dibawah tim musuh. sinyal ijo tapi kadang-kadang responsif kadang slow respon.",1
"Gua kasih bintang 1 karena masalah matchmaking, kadang tim nya ada yang bego, kadang ada yag ga sama ranknya(beda jauh), terus juga gua main kadang kadang mainnya sama bot semua(mode rank), ngapain sih dikasih bot gitu, udahmah nyusahin, lagi asik asik main malah lawannya bot, gaasik sumpah bego, guamah pengen lawannya player bukan bot, hampir aja gua kalah tadi lawan bot semua di rank, mana pake hero yang notaben nya lemah gak bisa ngasi demeg besar, untung aja gua menang, dasar bego",1
"Sistem macht macking yang sangat buruk, saya mendapatkan tim AI buatan yang selalu feed, Ini sebuah kecurangan karena Moonton sengaja menggabungkan Ai buatannya ke player yang bermain solo di rank mytic, bukan manusia/player asli, ketika baru sekali menang solo, game berikutnya akan dikasih team Ai yang feeder, ciri ciri team Ai buatan Moonton memakai foto profil hasil generate Ai, gambar nya sangat anomali, disturbing, tolong di fiks sangat meresahkan untuk player solo.",1
"GAME RUSAK. EDIT 1 : Gw saranin buat yang mau main game ini, mending lo ajak temen² lo buat main ber 3 atau ber 2, karena game ini sangat sangat sangat tidak ramah untuk player solo, win rate solo player di setiap match, gak akan lebih tinggi dari 58%. EDIT 2 : GAME SCRIPTED , BISA BISANYA SKOR IN GAME BEDA² PADAHAL LAGI MABAR. GAME RUSAK. EDIT 3 : Yak, Ga bakal lama lagi ini umur game,,, tadi gw coba main beberapa match rank (solo),,, dan yak seperti yang gw duga,,, 1 TIM ISI 3 BOT AI",1
"game scam, masa ditemuin sama player bot mulu di tim sendiri, giliran di musuh player asli. emang udah di setting buat ga bisa ws sama sekali buat player solo atau duo. segitunya ya memikat player supaya ga bisa berenti main karena kesal sama tim sendiri? okelah kalo di tim masih orang, ini bot loh ketahuan bngt pake pp burik, terus ga ada data sama sekali. perbaikin lah matchmaking-nya, masa glory masih ketemu bot? kecuali gw main di honor atau mythic baru deh gpp ketemu bot.",1
"game rusak,banyakin event aja terus bukan nya introspeksi banyak masalah di game nya,malah banyakin event,jelas sinyal jelek malah di bikin sinyal bagus kan nyebar fitnah namanya,udah gitu nih game gak ada kompensasi malah nyalahin player nya afk padahal karna emang bener lag bahkan sampai crash gak ada kompensasi juga susah² naikin bintang di ilangin gitu aja buang waktu banget nih game nyusahin ,bukan nya naikin mood malahan main game ini bikin strees developer game nya udah gak waras!",1
"System matchmaking ml sering terasa tidak adil. Berdasarkan pengalaman saya bermain, saya kerap mendapatkan rekan satu tim yang kemampuannya jauh berbeda dari lawan, sehingga pertandingan menjadi sangat tidak seimbang dan sulit dinikmati. Rank saja ternyata belum cukup untuk menjamin fairness. Saran: perbaiki matchmaking dengan mempertimbangkan skill, performa, dan win rate terkini, bukan hanya rank. Dengan begitu pertandingan lebih kompetitif dan menyenangkan bagi semua pemain.",1
"tolong berikan matchmaking yang adil sudah menang 2× lalu tiba tiba match selanjutnya dikasih bot?, maksudnya apa ya? kalau emang gak ingin player menang terus menerus dan kasih bot di tim, kasih juga ke musuhnya itu sangat tidak adil, dan setiap feedback matchmaking seperti ini tidak pernah digubris atau hanya disuruh melapor saja yang ujung ujungnya gak ngaruh",1
"jangan pernah top up untuk mendapatkan skin kolaborasi, baik itu Intelektual property seperti Stree Fighter, JjK dan Kungfu Panda dll, kecuali jika anda menggunakan metode hemat/method login top up berkala, anda diharuskan untuk setidaknya menyiapkan uang sebesar nominal 200rb sampai 500rb dan paling parah 1,5jt, hasil ini didapatkan dari hasil analisis statistika beberapa konten serupa tentang mikrotransaksi judi berbasis game yg ada dimasyarakat. stop normalisasi judol! #stopjudol",1
"lama2 game ini rusak,tiap kali main tiba2 layar jdi ping,klu masalah jaringan atau memori hp GK masuk akal,hp saya ram 8 wifi 35 Mbps masa tiba2 error sendiri,sebagai penggemar game saya sangat kecewa dengan update mlbb skrng+magic chees loading sangat lama terlalu membosankan game ini lama2",1
"mobile legends sekarang kebanyakan player yang ga bisa maen, teruntuk developer moonton yang disebut mobile legends ini gamee ini, sayaa pingin mengajukan banding, teruntuk matching ranked, masa player nya ga seimbang sama musuh nya, tolong lah sedikit perbaiki kek, kebanyakan event mulu, kebanyakan yang hal hal lain, bukannya urusin player yang ga sesuai, masa imo ketemu romawi, cobaa la sedikit imo sama imo lagi, bandingan lah moonton",1
"aku keberatan untuk update lunox di andvace server, lunox udh bagus heronya, gak usah di hilangin segala efek ulti ungunya, udh bagus ada damage, malah kayak gitu, udh gitu efek di ulti ungunya juga dihilangkan lagi, tolong pertimbangkan lagi batalkan cepattttttttttttttt",1
"game haram, tidak reccomend disaat orang² bermain game lain untuk mencari hiburan atau sekedar isi waktu luang dan menyenangkan, tetapi game ini justru membuat menambah pikiran, match making juga sudah tidak adil, untuk player solo tidak di reccomend bgt, selalu dapet tim yg ampas dan ngetroll? padahal ingin menaikan ke tier yg lebih tinggi",1
"untuk sistem matchmaking moonton, tolong lah kalo ngasih tim yang setara, misal rank terakhir nya itu mythic honor, berarti semua harus maksimal honor semua ,mau temen, ataupun musuh, harus setara, bayangin aja, main kalah terus, gara gara public blunder, disaat kita main serius,tapi tim kita blunder terus, tolong lah, bantu player solo ini buat main",1
"ada tambahan dari gua, padahal gua udah seneng seneng mau main ama temen ada 2 poin 1. gua pake wifi dan wifi gua itu masih ok 2. kalian malah ngasih gua jaringan merah itu maksudnya apa ya? bisa dijelaskan dan gua udah semangat semangat mau main eh malah ngelag lagi ngelag lagi, tolong diperbaiki min saya hampir gila ☺",1
"Saya sudah bermain game ini selama 10 tahun tapi ntah kenapa belakangan ini sistem Matchmaking benar-benar tidak adil untuk akun-akun lama seperti saya, lawan yang kurang seimbang, sistem hukuman yang masih sangat ringan, sistem Matchmaking di game ini benar-benar tidak adil (sangat benci)👎",1
"makin males aja main rank game ini karena PELIT bintang. Kalo menang dapet bintang 1 aja rasanya sangat berharga banget di tengah losestreak. Di game sebelah (HoK), player bisa dapet bintang 3x lipat jika nilai SSS, jika SS dapat 2 bahkan dalam keadaan kalahpun masih nambah bintang selama dia MVP. Di HoK kalo kalah gak terlalu stress karena jika kita main benar, sekali main bisa mengganti beberapa bintang yang hilang..",1
"semenjak update event 10 tahun ml,..terjadi bug saat login menggunakan wifi,.. saat tiba di bagian lobby terjadi layar freeze tidak dapat digerakan, untuk suara backsound masih terdengar dan berjalan,.. anehnya kalo pake data tidak terjadi crash atau freeze.,, sungguh aneh...jadi saya namakan ini bugg tolong perbaiki agar saya bisa main rank lagi menghunakan wifi sinyal lancar,...btw hp saya vivo android 12 dengan ram 8gb sebisa mungkin cepatt karna saya mau push ke imo dikit lagi season abis",1
"Tidak seru, banyak orang saat mabar bertemu dengan rank yang berbeda, yg membuat perbedaan skill, terasa seperti mengapa ada rank seperti ini berada di rank tinggi, akhirnya aku hapus game haram ini, karena ketidaknyamanan dalam bermain",1
"Gamenya si bagus..tpi sangat disayangkan saya sering dpt kata-kata kasar dan kotor lewat chatan..Mohon Jangan diadakan chatan..qlo pake microfon masih bisa diatasi dgn cara tidak diaktifkan microfonnya🙏🙏,dan tolong slot emojinya tambahin biar makin seru mainnya dan satu lagi sinyalnya benerin,sinyalnya buruk mlu pas main game ini. smoga saran saya bisa dipertimbangkan.. terimakasih 🙏, . .",1
"game udah mau 10 tahun tapi masalah solo rank gak bisa diperbaiki. padahal yang tolol tim nya, gua udah main sebaik mungkin tapi gara gara tim tolol yg kalau aku marahin malah aku yang kena ban/mute, kalah cuman karena teman setim setolol sistem mu. gak ada gitu perlindungan untuk yang kayak gitu? gak ada la ya, yang klen bisa kan cuma nambah nambah skin.",1
"game nya masih banyak kekurangan, salah satunya DELAY SAAT WAR. padahal jaringan bagus, dan ram cukup besar. tapi ketika open war, delay nya ga ngotak. tolong diperbaiki, sebelum player lain speak up juga.",1
"Game-nya seru, grafik bagus dan banyak pilihan hero. Tapi kadang server lag dan matchmaking kurang adil, bikin kurang nyaman main. Semoga ke depan bisa lebih stabil biar makin seru.",1
"mobile legend udah bagus menurutku tapi untuk fitur fitur yg tidak berguna sebaiknya dihilangkan karna memberatkan game saja jika begitu trus untuk metcmekingnya system mlbb itu mengunakan sistem jika mabu selesai menang di geme selanjutnya akan di temukan dengan tim yg baru saja kalah jika(bagi player solo)jadi menurut saya sebaiknya player solo yg baru menang atau kalah itu ditemukan dengan orang yg memiliki skil bermain seperti player tersebut,itu aja si pendapatku(dari saya untuk developer .",1
"game paling buruk ,menang sekali kalah berkali-kali matching nya paling banyak dapat tim bot (AI) kadang solo ketemu lawan trio tolonglah perbaiki pembagian matchingnya ,kalo gak di perbaiki nanti bnyak player solo yang pindah game",1
"sistem nya dibenerin atuh, masa stuck/freeze diloby, ga bisa dipencet², ini yakin rating game mo rendah trs Ampe bintang 1? karna sistem nya rusak terus?, masih ga mau dengerin kelah kesuh player mlbb?",1
"selalu dapet tim yang buruk dibanding kan tim lawan, heran nya selalu begitu, ga pernah di perbaiki, dan selalu nabrak duo, trio, atau squad, tolong di benerin deh sistemnya.",1
"game gk seimbang, musuh nya susah, temen nya aneh, udah menang war, tiba tiba sinyal ngeleg, padahal ping hijau,dan rank tidak adil, teman rank nya lebih rendah di banding musuh",1
"Peluang dapat lane yang diinginkan sangat kecil. Dari 10 game yang saya mainkan, saya cuma dapat 1 kali main di lane gold. Sudah coba ubah lane ke dua yang dipilih tetap selalu dapat lane selain gold. Padahal saya main bagus di gold, dan sudah beberapa kali bermain buruk di lane lain sampai² dihina. Tapi tetap susah sekali dapat lane gold. Mungkin pihak montoon pengen gw pensi kali ya ;D. Harapan gw, ketika matchmaking, player lebih sering diberikan lane yang memang gameplay nya bagus di sana.",1
"Matchmaking nya ga jelas dan sering banget dapet tim ga jelas, kalau musuh dikasih yang jago terus. Jangan main Moba ini soalnya game nya jelek banget, walaupun skin nya bagus tapi matchmaking nya aneh banget kalau kata gw mending pindah aja ke game laen. Moonton aja ga peduli sama gamenya dia, dia ga mau fix langsung tapi malah di oper"". Kalo kita report ga pernah terdeksi apa salahnya dari temen kita, tapi sekali nya kita ngebuat pelanggaran (AFK), langsung kena pelanggaran.",1
"game gak jelas sistem pembagian timnya, musuh dikasih rank glory, sementara tim sendiri masih epic. Gak pinter mtk lagi masa di count damage riwayat kill misal udah 6000 tapi kalau dihitung masih kurang, terus lagi kadang lag² ga jelas banyak bugnya. game gak jelas, kikir",1
"seperti biasa, gw kesini karena protes dengan matchmaking yg tidak adil. niatnya mau melepaskan stres, ternyata malah tbah stres. eh Moonton, kalo matchmaking nya tidak adil seperti yg kami alami terus berlanjut, bisa-bisa playerlu gila semua. game-nya bagus, tapi jurangnya ada di matchmaking nya aja. bintang satu deh... kalo dah bagus baru gw kasih bintang lima",1
"pada saat detik2 mau masuk ingame knp detikannya lag, dan musuh lebih jago daripada tim, matchmaking tidak seimbang tolong diperbaiki, sudah gak kompatibel ama hp kentang.",1
"— Main sendiri = dihukum. Tidak ada komunikasi, tidak ada kerja sama. Saya pilih hero untuk isi peran yang kosong — tim malah rebutan, diam, atau sengaja merusak. Saya berjuang sendirian, lalu dihukum karena tim yang tidak saya pilih. — Saya Bintang 1, dipasangkan dengan pemain yang baru pegang HP, belum paham hero, belum tahu jalur. Sementara musuh penuh pemain yang sudah terbiasa main bersama, atau bahkan peringkat jauh lebih tinggi. 1 lawan 5 bukan lagi kiasan — tim bot musuh pro adil gk",1
"game ini bagus bagus aja, cuman... ada 1 masalah, tolong tim saya bahkan tidak mengeliminasi musuh nyah masa sekali, 1 tim tidak ada sama sekali yang mengeleminasi musuh, dan saya kesal karna, banyak sekali orang yang berpacaran, mempertaruhkan kemenangan demi cinta, saya suka game ini, tapi tidak dengan tim nyah, terimakasih",1
"Dear Vendor Moonton Mobile legend.. Ada apa dengan server dalam game anda sekalian?. Setiap kami memainkan pertandingan slalu aja ada bug, lag tiba² parah lagi. Padahal update ratusan MB, pakai provider sudah, Indosat, XL, 3, simpati. Sudah jelas bukan provider yg jelek, tapi Mobile legend hosting bermasalah. Saya kasih rating 2 saja. Asalnya 5 bintang sebelum update...namun stelah update bukannya bagus eh wht the hell.",1
"Pada dasarnya? kenapa gua kasih bintang (1) buat game ini. ini kalau mau tau alasannya.? Gua ranked mythik. Soalnya? kalah 4 sampai 3x dibayar winz 1x, begitu dan terus begitu... 1x winz pertandingan selanjutnya dikasih player bot AI komputer, semua pro player pun kalau dikasih tim player bot AI komputer gak bakal kuat gendongnya!! Sangat tidak logis lagi ini game. Semoga yang baca chat komen saya ini, kalau benar like gak benar tinggalkan tanpa jejak. 🙏🙏",1
ini gimana dah! perasaan wifiny lancar ajah! tapi pas ada momen ketika main malah tiba tiba nge lag terus menghubungkan jaringan! pliss.. ganggu banget woy! terus pembagian timnya gimana ini?! perasaan gw dapet tim yang rada rada tapi musuhnya OP! ini gimana dah! kagak adil woy! pliss banget! BUAT DEVELOPER GAME TOLONG PERBAIKI! bintang gw ilang 6 dalam 1 hari!,1
"pembagian tim di rank sesuaikan ya moonton solo rank serasa 1 vs 5 . dapat tim dungu semua, main game untuk mengisi waktu luang kalau buat pusing sama aja bohong, saya masih main karna akun sudah lama kalau engga sudah saya hapus ni game dari dulu gak benar2",1
"gameplay tim tidak seimbang,coba persamaan tim itu digabugkan jangan war tidak bagus malah di temukan,berasa susah gameplay nya kadang roam,mid,jungler,gold,XP tidak kondusif saat bermain",1
"gua kasih bintang satu karena ini game banyak bug sistem,bayangin wifi gua lancar tapi pas ke in game gabisa gerak sama sekali ping nya merah tolong lah benerin gimana player nya mau nyaman kalo game nya banyak bug kayak gini bikin emosi aja,emang lo sanggup tanggung dosa manusia yang marah marah gara gara sistem game lu ga bener",1
"sangat buruk, apa apaan....wifi jelek bentar aja dan saat udah bagus dalam kurun +-10 detik dan akan melanjutkan dianggap afk dan gak bisa main dengan alasan diambil AI....game gak konsisten...minimal benerin requirement yang diinginkan player bukan malah menunjukkan ketidak jelasan",1
"komplain dikit y ke apknya itu gak bisa jaringan di stabilkan masa dalam game sering jaringan ilang, lama2 makin gak waras ini game. Gimna menurut kalian kawan2 yg main!!",1
"tolong sistem nya di upgrade, jika ada rekan tim yang troll dan rekan lainnya tidak mohon untuk tidak dikurangi bintangnya karena saya mengalami hal ini berulang kali, saya sudah baik bermainnya tetapi rekan tim saya malah tidak jelas bermainnya sehingga menyebabkan kekalahan.",1
"sebagai solo player saya merasa tidak adil, sering dapat matchmaking rusak, dapet tim honor semua ketemu musuh glory semua bintang 90 an, membuat pertandingan menjadi tidak seimbang, tolong diperbaiki hal seperti ini demi kenyamanan saat bermain",1
"Untuk Moonton, Belakangan ini saya benar² kecewa dengan sistem matchmaking,Terutama pada solo rank, Kenapa??? Player dirank seperti Mythic, Player Bot AI ?, bahkan hanya 2 player Aktif sisanya Bot, Ini benar² buat saya Stuck dirank, Apakah ini game kompetitif?, Jika iya tidak mungkin saya bermain dengan Bot , Tolong kembalikan matchmaking yang lama 8 tahun saya bermain MLBB, Tapi sekarang saya benar² kecewa dengan MLBB.",1
"game sangat tidak adil tidak sesuai ekspetasi sangat mengecewakan musuh selalu di kasih yang susah tim selalu yang mudah ini adalah ketidak adilan dimohon untuk lebih adil masa menang baru 1x kalah nya berkali kali, mungkin lebih baik pindah ke game honor of king dari pada mobile legends saya hanya mengerharapkan keadilan.",1
Game ini menurut gw itu player nya itu terlalu egois dan terlalu membanggakan rank seolah rank itu untuk semuanya barusan gw habis main kalah karna sinyal gw ngeleg Mulu kenapa moonton padahal jaringan di hp gw bagus ko jadi merah Mulu jadi gw selalu di salahin sama team padahal mereka kalo di posisi gw dah afk pastinya tolong moonton kasih team musuh juga yg setara oke itu aja.,1
"gajelas ini game, padahal sinyal lagi bagus bagusnya, tapi malah rusak pas didalam game, tolong buat pihak yang bersangkutan diperbaiki lagi game ini, cuma masalah disinyal kalo soal yang lain baik baik aja, semoga cepat diperbaiki",1
"match making berantakan kalo main solo. selalu satu tim jago semua satu tim nya gabisa maen semua.. maen jadi ga seru, di rank atas selalu ada player² yang game play nya gasesuai sama rank nya gara² kadang dikasih tim yang jago jadi ke gendong.. kasi match making acak aja gausah di atur² jadi ga seru",1
"game nya bagus, grafik nya bagus , hero hero nya bagus. tapi! matchmaking nya ancur,rusak,gak jelas,g seimbang,g setara,g oke bikin gila bikin nangis menang kalah menang menag kalah mulu idah g kelas ni game g bisa liat player nya menang sekali mau diturunin terus ke bwah bawah pengen bgt liat org hancur mon",1
"gajelas banget setiap main di kasih tim yang kaya baru main..padahal udah di rank tinggi, apalagi kalo mau naik rank pasti ada aja dapet tim yang dark sistem, selalu begitu jadi rank saya stuck di situ"" aja udah ngegendong pun masih aja ga ngerti main. Saran saya jangan coba"" main ini game bukannya penghilang stres malah nambah stres .",1
"buat grafik udah hd, tapi management pemilihan timnya sangat buruk tidak mempertimbangkan setara atau tidak jadinya game nya menurut saya jelek. plis perbaiki lagi cara pemilihan timnya agar lebih bagus lagi.",1
"Bagus aja sih,tapi pihak devolopernya mohon dihilangkan masalah bug koneksi jaringan.Tambahan edit Tolong yaa pihak devoloper kembalikan fitur pengalaman pertandingan, saya setiap ngebug di BANNED gak bisa melapor KARENA fitur pengalaman pertandingannya hilang, belum lagi TOLONG YAA baikin bugnya game lobinya KARENA SAYA GA BISA MASUK KEDALAM IN GAMENYA padahal perangkat sudah saya beberapa kali reset",1
monton tolong kurangin pelayer drak sistem nya sangat menggangu per mainan saya tolong kurangin ya monton ini gem bagus tapi pemainnya sangat membagongkan dan sangat tolol sekali,1
"hai Developer, kenapa selama minggu saya bermain game ini, terutama ranked mode, saya selalu bermain dengan bot/computer/AI. Jujur hal ini membuat game menjadi tidak lagi kondusif dan stabil, menyebabkan gaya bermain harus berubah 180⁰, apakah ini menjadi awal runtuhnya MLBB?",1
"Bisa ngga sih di perbaiki sistem jaringan nya? emang anj ni game kalo jaringan, masa ngga balik lagi loh jaringan nya kalo dah lag? ujung ujungnya harus log in ulang + afk ngga naik bintang, emang anj ni game kalo soal jaringan, tolong lah moonton perbaiki sistem jaringan nya",1
"Kepada Moonton, saya hanya ingi mengucapkan kalau AI (Bot) yang didalam match, itu TIDAK sesuai dengai AI yang didapati dari AFK. Maksud saya, gameplay nya itu tidak sesuai dan juga AI sering pick hero yang tidak pernah mereka pakai, kebanyakan saya menemukan AI ada di Exp Lane, dan AI sering pick Ruby atau gak Cici, dan saya juga baru tau KALAU AI mempunyai Squad Team, saya sudah mengcheck profile nya dan benar saja, full Squad Team nya diisi AI. Mungkin itu saja dari saya.",1
"Pembagian Tim yang Sangat Tidak adil!! Tim nya kek apalah tpi musuh dpt jago mulu,Saya sebagai Player solo Nuntut hal ini(Pembagian tim yang,Sama Perbaiki Bug dan Jaringan Buruk pas in game). Saya Juga sampai Lostreak,Lostreak nya Malah sampe turun ke Mythic point 23,Ini saya Kasih satu kesempatan,Kalau masih sama aja,Saya akan Hapus ML",1
"game gj puqi, sistem match nya bner2 ga adil buat player solo, gw mah gpp dikasih musuh yg susah, tapi minimal kasih tim yg bisa main lah, ga perlu jago yg penting paham cara main...",1
"""Dulu seru banget main ML, sekarang udah ga jelas. Isinya feeder, AFK, sama player toxic. Rank juga ga nentuin skill lagi, nentuin hoki dapet tim apa 😭 Bug dibiarin, skin baru tiap minggu keluar. Fokus duit doang. Kecewa berat Moonton...",1
"ga sudi bgt sama ni game kikir, sistem match making nya itu lho bener"" minta ampun, kadang gua duo ketemu trio, kadang full solo malah ketemu duo, apalagi sekarang itu sering bgt ketemu sama bot ml, terutama ketika gua solo, pasti seisi tim itu bot semua. Meski terkadang emang tim musuh juga bot ml, tapi bot d tim musuh itu jago cuy, ga kaya bot tim gua, selalu bakalan unggul d awal doang, dan di mid-late game mereka mulai maju"" gajelas, blunder, dan rata sendiri smpe defeat.",1
terus di pengaturan mlbb fitur tampilan konten lanjutan lain itu juga di hilangkan haaadehh hp kentang udh GK bisa main lagi karna gitu itu udh di hilangkan padahal berguna banget?????,1
"sebenarnya udah bagus cuma nih ya aku selalu main di cl dan di Rank main solo dapat tim nya itu yg baru main tapi musuhnya udah glory,terus paling di tim ku itu rank tertingginya mythic tapi di musuh ada immortal sama glory jadi ni moonton perbaikin hal ini agar orang lain mendapatkan tim yg sesuai/setara dengan musuh,terus perbaikin bug nya soalnya saya terus terusan gabisa gerak dan ngelag tapi ping saya warna hijau",1
"Tolong buat Sistem mlbb nya makin lama makin banyak computer nya...tolong dong di control tim nya berisi 5 pemain masa yang main cuma 2 orang 3 computer, kan gk seimbang banget. trs computer lawan sangat enggak masuk akal reflek nya dan dapat mengetahui posisi kita dan nge rusuhin gmn cr dapat gameplay bagus 5x main cuma 1x menang karena diisi para computer yg kebanyakan pdhl game nya bagus lho tolong bgt dong kualitas game nya udh beda dri yg dlu masa game bagus melihara computer kan malu ya 😒",1
"ka tolong kasih team itu yang benar benar, jangan seperti dark system itu saya cape, mawi 20 jadi mawi 10 dalam waktu 5 jam apa apaan ka kalau kaya gitu mending saya tidak usah memainkan game ini lagi keluar banyak uang tapi sia sia semua game tidak jelas, minimal ngasih team yg benar jangan yg tolol buat apa keluar banyak uang tapi tidak ada yg benar males sekali, team tolol semua ga ada yg bener naik turun rank gw",1
"Game yg tidak menghargai waktu orng yg lagi memainkan game ini, setiap main game ini nggk ada nggk bikin emosi, selalu saja begini... menang 1X kalah 3/4/5X, apa yang di dapat bukannya plus malahan minus, mau 100 jam pun main Game ini ujung²nya bintang pasti berkurang. Dua kata untuk MLBB ini : Pertimbang kanlah sistem mu. Hargailah waktu orang...",1
"sinyal wifi bagus tapi lag ketika war. yang paling parah dari game ini adalah matchmaking ga masuk akal, dikasih tim yg mainnya asal dan banyakan bot. ketahuannya dr chat tim yg ga di respons. dikasih lawan dimana dr menit 1 sdh over power dibanding tim sendiri. begini kok minta player loyal sama game. harusnya game itu bikin fun player, malah bikin emosi. semakin sering push rank malah semakin banyak kalahnya. game ga masuk akal!!! komplain ga pernah di tanggapi!!",1
"saya minta tolong,bisa apa ini teh untuk membuat para pemain mlbb ini pada tenang untuk mainin nya,bukan untuk di pake emosi,atau pake bahasa kotor dan kasar,dan jangan toxic, ditambah lagi tolong kondisi permainan,aku udah kalah 8 kalo dari kemarin, sekarang 3 kali ,masa menang nya satu kali tolong kondisi permanen, contoh permainan genshin impact ,dan Minecraft,itu pembuat game nya sangat bagus, Uda nya tenang damai dan tentram,tidak perlu emosi emang nya game mlbb udah nya bikin orang setres.",1
"blakangan ini sering terjadi bug dalam pertandingan dan loby game , sangat mengganggu kenyaman player saat bermain , mohon untul segera di perbaiki dan di tingkatkan lagi.",1
"game aneh, percuma gedein size kalau masih ada bugnya. balik aja ke setelah pabrik, mana isinya dark system semua lagi match ga adil, lag secara mendadak padahal sinyal bagus dan Update gede ga ada manfaatnya. besok besok update yang bener gaji buta ini mah",1
Game yang paling tidak rekomendasi karena kalian dalam pertandingan tidak imbang musuh jago semua tim kita bot semua gak imbang itulah yang saya alami kalah sampai 12 kali berturut turut tanpa henti aku harap tidak ada kejadian serupa Berjam jam tapi gaada hasil game yang sangat tidak adil bagi player nya,1
"Pengalaman yang sangat buruk, saya sudah bermain 10 match dan selalu mendapatkan team yang tidak seimbang untuk teamfight, sangat mengecewakan untuk game yang sudah rilis selama 10 tahun, jika bisa ingin saya berikan bintang 0",1
"Gak ngerti lagi sama matchmaking game ini. Masa gua Mythic Glory dapet tim yang buta map, feeder, dan troller? Sedangkan musuhnya kompak kayak tim pro esport. Adilnya di mana? Tolong benerin sistem matchmaking-nya, bikin males main!",1
"game aneh banyak feeder yang bermain tidak jelas, pas mau di report malah nunggu 1 jam, padahal udah jelas feeder, dan hukuman nya tolong diberangkatkan lagi, agar Players seperti itu tidak mengulanginya lagi.",1
banyak player anomali di game ini.... harus di perbaiki lagi sistem matching dan hukumannya. main game ini dri 2017 dan playernya banyak yang berotak. lah sekarang 2026 malah banyak yang palanya gk ada isinya. 1.buat apa war terus tapi tidak win di rank. 2.buat apa main rank cuman mikirin kill tapi gk mikirin gimana caranya win (KALO BIRAHI JANGAN MAIN ML). 3.masih banyak anomali yang asal beli item dan fomo item sky picr. 4.sistem matchingnya tidak bagus dan sistem hukumannya aneh,1
"Korupsi dari match yg gak adil, banyak player yg baru, tidak mau rotasi, hanya berkumpul satu arah cuma nakut nakutin langsung bubar tanpa menguntungkan, tidak mau lihat pandangan saat kesusahan tim dari rombongan lawan (di keroyok pun di anggap wajar), gk menguntungkan tim,,(fix itu dari tim sendiri kalau main solo)",1
"game ini penuh kekurangan di sistem draf ,saya main solo di glory bintang 91 satu tim ada yang honor dan legend,sedangkan tim musuh full glory,saya sangat tidak puas ,game ini sangat rusak dan tidak pantas di mainkan,ini sangat membuat pemain tidak nyaman dan ini sangat tidak adil,tolong jangan bodoh dalam memilih tim ,tolong beri tim yang seimbang sesuai rank",1
"""Saya benar-benar kecewa dengan sistem matchmaking dan layanan pelanggan Moonton. Saya sudah menghabiskan banyak waktu bermain, berusaha meningkatkan kemampuan, mempelajari hero, memahami rotasi, dan bermain sebaik mungkin. Namun, yang saya alami justru berkali-kali dipasangkan dengan rekan satu tim yang tidak memahami dasar permainan. Saya tidak meminta kemenangan di setiap pertandingan, tetapi saya berharap sistem matchmaking dapat memberikan pertandingan yang lebih seimbang dan adil.",1
"Bukan mau menjelekkan tapi benar2 nggak cocok klo main cuma untuk mengisi waktu luang bukannya nambah senang,malah bikin pusing dan stress karena harus mikir strategi buat menang,selain itu d latih untuk melihat kebodohan dan ketololan kawan-kawan tim saat bermain,tolong muntoon kalo player main solo kawan dan lawan d kasi seimbang supaya lebih seru jadi nggak terlalu stress harus marah2 ke kawan tim yang tolol mainnya,thanks.",1
"oyoyoyyyy knp kagura legend JELEK banget?? gue yg udh excited beli dri masih survey (better yg biru merah, dari pada yg skrg, gue ttp mau beli krn kirain bagus eh ternyata jelek) jadi HILANG MINAT buat belinya. kerja yg bener lah developer! matchmaking juga benerin woi! sumpah game ampas.",1
"tolonglah kalau buat game itu yg benr ,jaringanku bagus tapi kalau main selalu ping buruk,niat gak sih menciptakan sebuah game?udah itu disaat rank aku glory tapi setiap main selalu dikasih tim nya yg legend ,gimana mau menang lawan nya glory semua,giliran udah defeat ,masuk pesan ngasih perlindungan jaringan buruk, dan pesan maaf atas ketidak nyamanan nya,hadehhh,🙄",1
asli bikin emosi main game ini saya aku main game ini udah lama udah beberapa kali ganti akun karna lupa email.yang bikin saya makin kesel sekarang masalah jaringan Kouta saya banyak jaringan saya bagus kok bisa bermasalah jaringan nya.serius kalau dalam 2hari ini tetep masalah jaringan saya kayak gitu unistal game ini,1
"Dalam pertandingan, ada aturan keadilan. Tetapi Moonton tidak berbuat adil. Kenapa setiap pertandingan selalu mendapatkan tim buruk? tidak sama level? Kecewa berat. Apapun aturan yang dibuat Moonton tidak menjamin keselamatan & keamanan. Bahkan masih banyak pengguna yang menggunakan CHEAT, tetapi belum terdeteksi.",1
"Pas login nge frezee min,kayak ngebug gitu,pas war besar juga koneksi tiba"" jumping,semua udah rata kiri,dari grafik dan penganturan lainnya,tapi kenapa masih kayak gini servernya ya,device saya standar lo mediatek helio g96,ram 8,storage 128gb,tapi kenapa kok makin berat,makin kesini gamenya,kalo emang device handphone midgame gak bisa main ya udah mending uninstall,udah capek juga main ini game,matchmakingnya gak seimbang,koneksi jumping"",server kadang ngebug,kadang ngefrezee pas login,ANEH!",1
"apk sudah masuk tetapi selang 4 detik, pas promosi evant Layla eniv 10 muncul selang 4 detik langsung ga bisa berfungsi, membeku, padahal ruang penyimpanan masih banyak, bahkan setengh lebih pun jaringan saya bagus, ml orang rumah semua bisa, cuman saya ga bisa, mohon segara di tangani",1
"Matchmaking Tambah tidak jelas, solo selalu dapat teman sampah. rank kawan selalu di bawah. tidak imbang dengan lawan. tidak ada perbaikan sistem. Game sampah + Rusak. kecewa",1
"game mu ni bug setelah update kameren sore beberapa player ngalamin freze setelah login dan loby game. ga bisa di apa apain padahal HP ga freze cuman game doang, padahal gada update di play store dan walau sudah rastart tetap saja sama begitu tidak berubah",1
Game jelek gameplay yang sulit membuat game ini terkadang sulit dan mohon harap agar developer memperhatikan dan sebaiknya memudahkan player karena sebenarnya game adalah hiburan bagi seseorang bukan gameplay yang sulit dan membuat player kesusahan dan stress,1
"Mobile legend sekarang sangat mengecewakan!! matchmaking rusak!! TIAP MATCH SELALU ADA TROLL, BAHKAN DI IMMO!! Seleksi lagi matchmaking berdasarkan performa individu! Karena tier tinggi juga masih banyak yang belum bisa main.. segera adakan fitur ban permanen untuk para troll ini",1
main game ini makin lama makin stress main solo sana ya squad nabrak player IMO gj banget ini game paling buruk. kalau bisa tambahin lagi biar makin stress biar di kasih rating buruk.. buat skin dan event skin gratis hanya ingin manipulasi pemain wkwkwk,1
ini game aneh bgt jaringan nya bagus tapi kok lag?ada dark system lagi. aku main rank kyk gk pernah menang gitu,1
"Manipulator skala masif,memberikan layanan skin gratis dengan propaganda ""bermain bersama tim raih kemenangan"" jelas² pihak sendiri menganggap ini adalah hal biasa,Moonton memanipulasi player sampai tidak bisa lepas dari game ini dan melakukan cara apapun demi ""MENANG"" PERATURAN SIMPEL punya tim,kerjasama,strategi Tapi tidak dengan kondisi mental pemainnya yang dimanipulasi agar terus bermain. gift gratisan cuma akal²an biar tetep main padahal udah stres berat tetep dipaksa☕",1
"gua main pasti ketemu orang yang ngetroll, tlong dalam segi match di perhatikan lagi, soalnya player yang kurang dalam bermain atau berpengalaman itu jangan di gabung dengan player yang berpengalaman lalu ketemu musuh nya juga harus seimbang jadi kan GK merugikan. ( cuman ini lah yang player mau GK lebih ).",1
"sekarang ganti akun juga harus download rescue terlebih dahulu semakin kesini semakin buruknya kualitas layanan terhadap player ditegurpun hanya bilang maaf tanpa diperbaiki permasalahanya, jaringan internet juga 16 ms lag nya parah banget, usai pertandingan kredit skor langsung hilang 30 dan 1 lagi, tidak pernah merespon keluhan player.",1
"plis lah moonton, sistem matchmaking nya dibenerin, masa gw main di tim high rank nya ga ada yg imo, sedangkan musuh nya high ranknya full imo (main di glory). sistem matchmaking nya dibikin adil, tim sendiri rata² ga Sejago musuh, udah capek gw main ni game, sama juga mvp kalah itu naikin bintangnya, jangan dibikin turun",1
"mobile legend makin kesini makin parah lag nya, pindah ke game sebelah aja biar mobile legend sepi, event banyak tapi server ancur, buat apaan main game ini, parah banget draf nya skrng, rank nya aja bisa nabrak sana sini, musuh di Kasih jago di tim di kasih yg pada gak bisa maen, dimana adilnya, bisa gak sih kalo main ketemu yg sesuai lane jgn acak , Bikin males main aja lama2",1
"aku lagi main dan pertandingan sudah setengah jalan, ekhh tiba-tiba lag padahal pink nya warna ijo bae, layar jadi hitam dan ter login ulang sendiri udah gitu lama bgt nunggunya, setelah dah susah-susah nunggu malah LS dah begitu malah dilaporin AFK Gj bgt nih gamee cobalah klo lag login ulang kek gini pass aku main CL mah gapp tp ini pass main Rank hahh!! udah banyak kali aku main Rank selalu gini lohh? 😫😖",1
"di tinggal afk 2-4 menit langsung dibuat afk pas game selesai padahal mainnya 15 menit lebih, udah ls 4x, gk dikasih menang sama sekali padahal baru naik mythic, lain kali kalo ngasih tim atau lawan yg wajar, pake otak kalau buat tim atau lawan.",1
"akun saya ke retas, terus saya coba pulihkan akun, tapi gk bisa, semua bukti saya ada karena itu memang akun saya, tapi saat coba pulihkan akun di cs nya selalu gagal, konsep nya gimana ini. Sudah saya coba berkali kali tetep aja gk bisa. Tolong lah moonton.",1
"game ini memang sengaja di rancang untuk membuat player memainkannya berkali kali hingga stress dengan cara memberi win lose win lose (wlwl). saat rank akan naik pangkat maka diberi lose dengan tim yang sangat amat buruk disertai musuh yang sangat amat jago (bintang turun dari 99 ke 98). begitu pula saat sudah kalah, pasti selanjutnya diberi musuh bot sangatt bot sekali (bintang 98 naik ke 99). dan siklus itu berjalan terus menerus hingga membuat player stress. karna saya mengalami ny sendiri 8x",1
"tolong kepada moonton sistem matching nya bisa diperbaiki lagi, saat mau naik bintang/pindah rank timnya seakan diatur agar kalah. saya tidak tahu apakah ini benar atau tidak tapi dari pengalaman saya memang begitu. komposisi team berat sebelah. itu sjaa",1
"gameplay tidak seimbang setiap saya ingin naik ke rank berikut nya harusnya saya menang dan naik akan tetapi tim sistem dari game ini tidak ramah karena musuh di berikan tim yang sudah jago semester saya harus mengangkat tim saya sendiri yang tidak bisa main, mohon segera di selesaikan ya",1
sekalian reset season update dan perbaiki semua masalah adakan pembersihan player berantas cheat dan player bot/pemula tim yang sepadan jangan yang pemula atau botting dan lawan nya juga kadang gak nemu yang jago banget berasa gak adil di filter tolong mooton satu lagi hero yang baru pingin nya hero goldline atau maksman dan hero midline,1
"game apaan ini,makin sini makin banyak banget kendala sama kekurangannya gua mau ganti akun aja susah nya minta ampun udah 2 hari gua mau ganti akun malah terus keluar masuk game padahal belum keganti loh akunnya gimana sih ini dari semenjak update sebelumnya kok makin banyak kendala sih?",1
"match making rusak apaan gw udah menang malah menghubungkan ulang, klo kyk gini terus montoon ga ada yang mau mainin ni game, terus lagi hapus aja tu lovers² an gw ditrol terus capek tau ga lu, gw udah berusaha dikasih tim anomali² isi nya, pake otak lah montoon, rusak nih game lama², gw pindah game sebelah aja klo kyk gini terus, jaringan nya harap diperbaiki moonton, gw kemaren beli data lo padahal, dan masih banyak data Internet gw, pas gw maen malah beda, hukum berat yg cheater² gitu please",1
"Di tahun ke 10 ini, malah membuat kesabaran banyak player habis, mulai dari penurunan kualitas skin legend kagura, penundaan skin Valentine odette, dan Lore hero Scarlet shadow yang tidak konsisten. Player lama dan royal benar-benar tidak di perhatikan. Tolong berbenah sebelum banyak yang kecewa dan melakukan aksi boikot",1
"setiap mau naik rank epic ke legend pasti banyak tim boot,setiap legend mau ke mitich pasti bnyak tim boot, sinyal lag parah lah ada yg afk lah,,tolong d perbaiki lagi moonton, sebenarnya game ini sangat bagus,sayang banget kalo game ini mungkin suatu saat ga laku!!",1
"matchmaking sungguh tidak adil, dapat tim ampas, musuh nya jago. menang 1 kali kalah berkali kali. main solo tim ampas, main duo dapat trio plenger, main trio dapat duo bucin, main skuad kaya pertandingan MPL.",1
"matchmaking tidak seimbang, 28 pertandingan saya selalu mendapatkan tim yang bisa di bilang tolol,tapi musuh nya yang jago jago entah itu top global atau para penjoki, trus jaringan juga selalu ga jelas tolong bantu jawab developer",1
"ml makin hari makin ga guna, menang jarang kalah sering, team ga pernah oke asik di kasih lawan susah, napa dah sekali afk bentar di sebut afk terus di setiap. pertandingan setiap. hampir naik rank di persulit juga udah banyak hero ribet dan sekalinya ada hero yang bisa gua pake kalah poke semua ga bisa kah kasih team seimbang gitu aelah",1
"Jangan install deh ini game banyak banget problem nya yang ada bikin kalian emosi. sinyal sangat jelek banget padahal jaringan Telkomsel, banyak player AFK karena ini game bisa di install di hp busuk jadinya ya gini gak kondusif, player juga kebanyakan gak mengerti role dan kerjasama, data paket yang di pakai juga sangat banyak gila emang.",1
1. matchmaking tidak adil 2. rank tinggi 100% kalo main solo dapat AI DONGO 3. 1 match ≠ 10 menit 4. yg make roam kadang aneh 5. game gila 6. MLBB = Mobile legends Banyak Bug 7. banyak Hero tidak balance. singkatnya jangan main mlbb karena game ini bisa membuat anda gila,1
saya kasih bintang 1 karena kan musuh saya itu kan udah menang loh aku kan mau main lagi tapi loading lagi kayak belum selesai gitu loh dan itu tuh lama banget kan itu udah 100% semua tapi malahan gak masuk-masuk gitu loh makanya saya mulai kecewa gara-gara game ini makanya saya hapus sekarang saya udah nggak mau lagi main game ini maaf ya,1
"setiap ada laporan tentang prilaku pemain yang merugikan tim, harus ada minimal 3 laporan dari anggota tim yang sama. sudah seperti tuhan aja. kalau hanya satu pemain yang melaporkan selalu ngomong tidak ada tindakan yang mengindikasikan pelanggaran. aneh. untuk apa ada menu laporan kalau banyak laporan yang tidak di hiraukan",1
"game jelek, match apaan ga adil sama sekali, musuh full top global team ga ada yang top kecamatan, gua lebih percaya 19 JT lapangan pekerjaan dari pada match 10 menit, udah team nya ga bisa main, minimal kasih yang seimbang lah baru update yang bagus,",1
"Buruk, memberikan matching yang ga seimbang,Saat melapor kan hasil pertandingan di biarkan seakan fitur nya ga guna,rank glory di tabrakin sama rank imo 300+/500+,Ga sesuai,bahkan top global,Ga menyesuaikan matching dan bener bener game sepi saking sepinya sekelas pemain rendahan ketemu yang global tinggi,ga masuk akal.Game sepi.",1
"Gegara angkat telefon doang tiba tiba keluar game sendiri, ini meresahkan banget. terus pas masuk ulang ke pertandingan udah gk bisa karena HARUS dihadang sama loading screen pertandingan yang LAMMMMMMMBBAAAAAATTTTT banget karena kelamaan terus kena pelanggaran afk.",1
"Saya meminta pihak Mobile Legends untuk: Melakukan evaluasi terhadap algoritma Solo Rank matchmaking. Meninjau keseimbangan skill antara kedua tim. Mempertimbangkan performa individu dan pemahaman game dalam menentukan matchmaking. Mengevaluasi pemain yang berulang kali melakukan kesalahan mendasar atau tidak berkontribusi dalam pertandingan. Memastikan Solo Rank memberikan pengalaman bermain yang lebih adil dan kompetitif. Makin kesini tidak jelas game nya, buat emosi saja, atau sengaja",1
"keseimbangan hero tidak diperhatikan, maen solo dapet tim tier lebih tinggi, di tim asli penghuni badak, udah dilaporkan berkali kali, tetep aja ga da perubahan, ga da niat berubah, ga mikir tiap orang ga sepenuhnya maen mabar, kasian yang solo merangkak sendirian bukan hanya menghadapi tim musuh yg sulit malah ditambah ngasih tim sendiri yang error. dimana itu keseimbangan. selayaknya emang Bintang 1",1
kenapa bisa begini matchmaking tidak adil membuat lawan tambah kuat padahal main sekali membuat Tim tambah beban dan susah komunikasi satu sama lain apa lagi jaringannya ping merah dan bugnya tolonglah diperbaiki soalnya gak seru tolong perbaiki matchmaking nya,1
Game rusak suka jalan sendiri tanpa sentuh analog walaupun ping jaringan bagus.. Sangat merugikan pemain yang sedang bertarung tolong diperbaiki (Game Mengecewakan),1
"pas lagi farming sinyal hijau lancar , tapi pas war selalu delay sinyal nya itu terjadi setiap war loh , tapi pas di cek hijau padahal pakai data + wifi , game rusak",1
"aplikasi game moba terpayah untuk saat ini , wajar akan banyak yang berhenti main game moba ini. untuk pertarungannya tidak dibuat imbang dengan pemberian tim ya dark system atau boot moontoon. yang tiba tiba alur gameplay bisa berubah total. fix ini settingan agar kita tetap berlama lama dalam game ini. akan saya hapus game ini dihp saya dan akan saya share keteman teman untuk tidak mendownload game ini, karna penuh pembodohan.",1
"Bikin game yang bener dulu, selalu aja mentingin skin dan event tapi sistem matching gk pernah di perbaiki. Musuh full glory, tim sendiri ada legend, honor, ama mawi. Ingat, gk semua orang punya partyan atau temen mabar.",1
"masih menjadi game yang tidak seimbang permainannya kadang musuh jagolah, kadang tim bodoh lah, game ini tidak ada perubahan. yang berubah hanya event dan penyesuaian hero",1
untuk game ini servernya tuh selalu ngelag pas saya war itu kerasa ngelag nya dari mulai gak bisa basic attack sama nggak bisa arahin Hero dengan benar pokoknya mah setiap saya mencet skill itu selalu delay,1
"sistem ingame sangat buruk, selalu di beri tim yang tidak bisa bermain, mendapatkan musuh selalu jauh di atas kemampuan tim, selayaknya 1 vs 5",1
"awal season ini sering solo tapi dapet teamnya bot terus, sampai saat ini tim matching nya masih tidak adil yah, lawan dikasih jago semua tapi satu tim dikasih 2 bahkan 3 bot. biasanya saya bisa push sampe glory sekarang mythic aja susah karna dapet tim bot Mulu. jadi ga heran sih banyak temen saya yg uninstall apk ini,bikin rusak mental.",1
"main roam di mythic dapet perlindungan bintang 1 kali sehari kan? kenapa aku main roam belum kepake samasekali protection nya malah bintang nya berkurang, maksudnya apa,kalo bug kaya gini laporin ke siapa? lagian kaya gini kalo ditanganin sekali pun bintang nya ga bakal balik kaya semula tolong ya buat laporan khusus bug ga sekali dua kali loh kaya gini, gimana sih orang males main roam kalo kaya gini apalagi yang cari aman pick roam trs biar bintang ga turun kalo kaya gini terus main ga tenang",1
kurang menarik. .. musuh nya tidak sepadan dgn rank nya.. devo nya di orotes kayak aoa yg balas AI nya bukan devo nya.. season ini full imo.. tapi aku saya blm prnah imo.. solo duo trio.. full team full imo semua.. prtanyaan saya.. mana adil kan.. hero di tangan team meski meta kayak ampas.. tapi kalau di pegang kawan berasa lawan top global kurang menarik aja skrng game nya.. kalau kena devo anggota baru iyudh.. generasi nya - semua.. untuk selanjut nya gk usah di update..,1
"saya bermain solo rank dan saya masih honor, dan dijumpakan dengan lawan Yang glory 4 player bintang 88. sedangkan di tim saya rank nya honor semua, ini apa tidak bisa diperbaiki lagi sistem matchmaking nya? atau nunggu player kalian pergi dari game ini? ini sangat tidak adil bagi player solo seperti saya ini. tolong agar diperbaiki",1
"game aneh sekalinya menang 5 kali kalah buat orang orang aku bilang jangan downlod game ini penyimpanan habis,uang terkuras,sekalinya menang pertandingan slenajutnya kalah terus sengaja di lasih musuh yang kuat biar kita susah naikin bintang",1
"Matchmaking sangat buruk, tiap solo ranked pasti satu tim dengan bot / meskipun player murni skill tidak sepadan dengan tim lawan.",1
"redup aja ni game masa gw main brawl, classic,rank,ngelag Mulu aneh pas gw main ff mah aman lancar EMG aneh dah ini game,dan player nya toxic semua aneh² Terus satu lagi Hero nya banyak yg ngebug,game hama redup aja lah,Masa gw main rank lose 8 kali aneh,udh redup aja lah",1
"game jelek, pembagian tim buruk, sinyal ngelag padahal dipake main game lain gamasalah, buat hero model tiru gamenarik, dikasih umpan balik gadipeduliin sama developer, buat kalian yang pingin download buat mabar berlima aja, kalo ngga nih game kaya sampah, itu belum lagi diketemukan dengan rank immortal kalau kalian main party. game BUSUK gapeduli player, dikira cuman ngasih skin skin gratis seneng playernya, ga mikir",1
game apa ini susah banget menangnya 7 kali main nggak ada menang dapat lawan udah seperti proplayer sedangkan di team gw main udah kayak baru belajar dari bintang satu nggak nambah malahan ngurang anjinglah bukannya menghibur malah ngeselin ruang bermain yang nggak adil untuk solo playel mending uninstal aja dari pada emosi bagi yang royal ngabisin duit top up banyak pasti menang terus,1
"game bagus bagus, tapi isinya jelek karena sinyal ga jelas tiba tiba pingnya merah sumpah padahal saya udah pake sinyal 5g masih ngeleh loh ga jelas banget moonton tolong perbaiki lagi gamenya semakin update semakin ga jelas",1
"sama aja ,masih soal jaringan belum ada peningkatan masa jaringan lagi bagus ,tiba tiba pas lagi war ngelag ,gak bisa di gerakin kontrol ny ,hadeh capek gw montoon ,padahal dah mau naik kehonor eh malah turun karna masalah jaringan , dan pembagian tim yg gak adil masa setiap hari aku dapat tim dark sistem 😡😤",1
"bertaun taun main ml, sekarang aneh ya, buat wa lancar, scroll sosmed lain lancar, pas main ml jaringan merah trs, udh 4x, kalau butuh bukti bisa cek akun BUT I LIKE YOU, udah 4x ini aja aku main ngelag' merah terus padal internetku lancar, wifi aku full,aku gabisa gerak samsek pas main,bener' merah terus, awalnya tuh cari pertandingan udah ketemu tapi detikan nya masih jalan padal udah mau masuk, trus di draf pick itu lancar, masuk in game baru dibase aja udah lag, tolong diperhatiin ya",1
"game aneh tidak bisa mengajukan pemilihan akun, jelas jelas akun sata dihack lalu semua bukti saya ada, masih saja ditolak, saya tau semua detail akun saya sebelum dihack, tolong kepada pihak yang bersangkutan agar cepat menangani ini, terimkasih.",1
"dulu suka banget game ini, beberpa season ini kok makin ngebosenin gameplaynya. khususnya buat solo player. jujur saja, sekarang team yang paling banyak ganking 70 persen bakal menang. enakan main kayak dulu lu sering di ganking dan lu bisa survive gold lu makin bayak jadi keliatan antara lu jago atau tidak",1
"pliss lah moonton kalo update data nya jangan terlalu besar untuk hp kami yg begini semenjak update jadi besar bgt hampir 10GB jadi saya mohon untuk pertimbangkan lagi untuk hp hp yang ram nya kecil, mungkin saya bermain mobile legends sampai sini dulu saya mau pensi saja TERIMAKASIH UNTUK MOONTON😔",1
"jelek banget ping in game akhir akhir ini, padahal sinyal bagus, hp juga lumayan :))) mana bisa push rank kalau gerak dikit ping merah.",1
game ini sangat buruk kurang di perhatikan untuk kenyamanan bermain hanya mengutamakan skin komposisi team tidak seimbang contoh kita mytic imortal masa dapat teman 1 team legend 4 ngga masuk akal harap di perbaiki dan di perhatikan kembali thanks,1
"sistem matcmaking yang sangat buruk,musuh tidak pernah sekalipun melakukan kesalahan kecil sedangkan tim beraneka ragam bodohnya,dari 20 pertandingan cuma 4x menang,itupun menang karena saya yang menggendong tim,sudah saya putuskan utk menghapus game ini untuk memulai hidup baru...",1
"liat ulasan kita semua ga sih? matchmaking dari dulu selalu ga bener bobrok banget, selalu berat sebelah. perbaiki lagi standar bahasanya, masa saya ngechat udah sopan kena peringatan chat kasar? yg bener aja",1
setiap main heronya jalan sendiri terus analognya ga bisa digerakin ini bikin mainya susah padahal ga ngelag lho musuh tim bisa bergerak bebas sedangkan saya analog saya ga bisa digerakin gangu pas main,1
"moonton tolong lah update server ml udah berapa lama ni servernya ga di update, main lag bgt padahal kuota baru isi kadang pake wifi kadang juga di gabung wifi+kuota tapi sama aja jaringan +200 ms, pake hp lain sama aja ngelag. UPDATE SERVERNYA BUKAN SKIN DOANG TIAP BULAN UPDATE.",1
"sumpah kalo main nih game komposisi nya gak adil bener main solo di temuan sama player tim, kalo pun tidak timnya plenger ,rank juga ngaruh bener masih enakan dulu kalo ranknya beda GK bisa Mabar , kebanyakan bot yg mainin akunnya",1
"setelah di update kenapa malah ngelag padahal sinyalku bagus,di perbaiki lagi lah toon.selain itu tolong dong sistem matchmakingnya di perbaiki udah usaha di kasih Tim Buta MAP,sedang Tim Lawan Di kasih tim bagus,ini game penghilang stres apa nambah stres!?",1
"game tipu tipu keterangan palsu, match making gak adil. maen solo ketemunya party (keterangan hasil akhir ditulis solo semua, tapi pas di telusuri ke profil pemain ternyata main party bertiga) !!! dasar penipu!!!",1
"ni game ngpa nya,setiap main pasti ngelek""dan gak cuman sekali atau dua kali dalam satu pertandingan,pasti ad aja ngelek""setiap menit padahal jaringan bagus,gegara sering ngelek""saya juga sering kena riport sama team.",1
"Surat terbuka buat monton,kenapa ketika saya main rank itu selalu dikasih tim yang kurang ajar? dari banyaknya match yang saya mainkan di rank itu hanya 1 atau 2 kali menang saja? kalau bgitu saya kasih bintang 1 aja",1
"buat rank tier atas matchmakingnya ga enak experience mainnya, entah setim sm darksistem musuhnya pro lahh, ketemu penjoki lahh, setim gabisa maen lahh, ngetroll lahh, dll dan itu sudah gw alami semua selama maen ini. ga naik"" dah rank gw ayolahh moonton benahi lagi matchmakingnya, entah itu seleksi pemainnya, pengalaman bermainnya lahh, jangan sampe player yg udah losetrack ketemu modelan player yg kek begituan. minimal diperbaikin lah",1
"mengapa saya kasih bintang satu, karena akhir² ini match nya kurang sesuai, dan sangat gila. karena dikasih lawan yg setara, tim nya malah poke atau blunder. minimal kasih tim yg bener lah moonton. DAN JANGAN MATCH EPIC SAMA IMO. 🗿",1
ini game apa kok aneh jaringan gw ngelag tapi di acungi afk padahal gw niat main kok di tuduh afk kan wifi ngelag hpnya harus di mati daya dulu baru bisa gw kasih bintang 1 ini ga seru matching nya lama walaupun di rank rendah seperti epic ke bawah,1
"""udahlah pembagian tim sama lawan gak adil😡, sinyal merah pas dipencet notifikasi nya biru,gameplay lama🤬😤😤,tim gak bener, match lama😡🤬😤"" gak usah dengerin orang orang kayak gini ya😘,game nya ramah, player nya nggak toxic, game nya relax🫶😍😍developer nya nggak kikir🌹😘 pokok nya game ini SANTAI, RELAX, SOPAN cocok buat kalian yang mau setre-santai, player nya juga RAMAH bangetz😍🌹 contoh nya kemarin aku dapat coklat langsung di kasih kata² motivasi sama di rekomendasikan game pou🌹😍",1
"jadi pembuat game itu yg bener lah, kami beli skin mahal"" karna efeknya bagus, lah ini malah efeknya di hilangan, contoh yg baru"" ini lunoq mau di hilangin efek ulti ungunya, kalian kenapa sih moonton, sudah kikir, masih aj mau nyari masalah sama pecinta game ny, gimana nanti nasib game ini jika kalian slalu kek gini, mikir lah astaga, muak asli",1
"banyak yang ngeluh tentang matcmaking, sinyal, team nya sistem (ai) sering ngebug menyambung ulang, terus perbedaan rank nya juga main di glory tapi team nya ada epik legend sedang kan musuh nya IMO udah pengalaman bermain sedang kan team nya sistem (ai) mikir kids moonton bermuka dajal",1
"Buat yang gak yakin mau top up apa nggak, gak usah top up di game busuk ini, gua top up malah dikasih tim busuk ndak bener, gegara gua abis top up jadinya susah buat lepas gamenya, dikasih tim yang gak bener, sekarang udah hilang 12 bintang, tinggal nunggu beli skin terus hapus ni game",1
"ini gimana sih kok lag banget, padahal pingnya ijo, anehnya tiap war ngelag banget. dapet tim juga dark sistem terus gimana mau naik ini stuck disitu2 aja kalo ga ada protect udah abis bintang saya",1
"game gk jelas, gw kalah mulu,dapat tim dark system,jngan download ngabisin data doang,pas main cuma bikin kecewa,jaringan bagus tetep aja lag,pdhal hp gw buat main pubg aja lancar masa main game murahan ini lag, game rusak ini",1
"masuk dalam game gak bisa, sinyal lancar, buka aplikasi lain bisa, tapi pas buka aplikasi mobile legend malah stuck di background, daripada update fitur fitur lain, mending perbaiki jaringan",1
"game hama, dikit lagi glory segala dikasih tim make gabisa maen,game sampah,musuh nya jago, tim gw nya kaga bisa maen semua,saran gw mending lu pada gausah main ini game,mending bantu orang tua lebih bermanfaat dapet pahala juga.",1
"bisakah anda membedakan level kami?, bisakah kami bermain dengan senang jika tim kami baru pemula? apakah anda tidk bisa menggunakan ai di server anda untuk menganalisa tim agar level akun nya tidk berjauhan? tolong di pahami terimakasih.🙏🏻",1
"Bro baru kali ini gw dapet kayak gini, udah lapor masalah tetang penyeimbangan matchmaking di beberapa game tapi tetap aja dapet tim yang sangat jelek sedangkan tim lawan memiliki pemahaman game yang sangat baik. Ketidak seimbangan ini sangat merugikan and saya yang sudah membuang banyak uang di game ini serta ingin memainkan game ini agar meredakan rasa cape setelah kegiatan di dunia nyata malah makin cape krn tim yg jelek. Padahal dulu kagak kayak gini. Tolong benahi sistemnya lagi.",1
"main di game alserver adven tiba2 layar biru, kirain hp ganti hp ternyata sama, pas mau update ternyata di suruh instal kembali...JD nya ada 2 aplikasi mobile legend,, niat buat server adven biar player bisa kaya jual Hero,skin, emote dll tp di persulit bgni, akhirnya jadi moonton yg jelek",1
"ini game yg tidak ada keadilan di pembagian tim yg buruk seperti bot sedangkan musuh yg jauh lebih unggul,game ini bisa membuat orang stresss,karna player bermain seperti 1vs9 dan sdh di report namun tidak ada balasan pokoknya ini game stressssssssssssss main win 1 lose 8",1
"game yang tidak adil dalam pemilihan lawan pada saat main solo rank gw main solo di glory ketemu musuhnya IMORTAL sedangkan tim gw ada lagend nya dan mythic, menurut ku game ini harus diperbaiki lagi dalam pemilihan lawan yang setara(setara dalam rank nya)",1
"dapet tim ga seimbang sama musuh, dapet tim yang gangerti main, sedangkan musuh semua nya pada kompak ngerti padahal solo semua, terus tim sendiri malah maju maju ga jelas, moonton kalo system nya gabener hapus aja game nya, ga niat banget system nya, ngadih musuh itu seimbang bukan ngasih musuh spek onik ngasih tim spek warrior kocak kocak😂",1
"main solo dapet musuh tro, main duo musuh nya ex imo, main trio, musuh nya rank ino sedangkan gua glory, main party ketemu penjoki,apaan banget sistem matchmaking nya ga adil, itu yang buat player kadang males buat main",1
"di game ini gak sesuai tim yang didapat saat bermain solo kadang dikasih temen yg gak bisa main semua dan gak sesuai dengan tim lawan, kalu tim lawan jago kalau tim kita gak main perbaiki lah monton cara acak player nya biar seimbang tim nya biar kami main nya jadi seru bukan stress @monton mlllb.game penghuni hewan game t****",1
"halo ton saya memiliki keluhan kenapa saya punya protection Bintang tapi pas saya Kalahari protection nya ga berfungsi may main solo, duo, trio, bahkan party just ga berfungsi. kalau tau gitu saya ga mau main sama saya main hampir 6-7 jam Bintang masih sama aja wl mulu sialan emang",1
"tolong di benahin lgi, setiap main rank dapet team nya aneh aneh mulu, terlalu banyak dapet drak sistem nya.. benahin lgi sistem ranked nya lah.. makin kesini makin gk jelas lo montoon sistem ranked nya.. makin rusak sistem rank lo montoon, main game cari hiburan bukan buat tambah stres karna terlalu aneh sistem ranked nya..",1
"hi moonton, tolong perbaiki pada sign in akun. hari ini saya mencoba login dengan tiktok dikarenakan saya melupakan sandi email saya. lalu saya tidak bisa login karena tidak mendapst kode Verifikasi. saya sangat sedih, pilihan login lain harusnya menjadi mudah untuk alternatif, tolong jangan di persulit. mungkin niatnya baik, namun tolong ubah sudut pandang itu karena ngga selamanya baik, malah menyulitkan orang lain. saya menghargai jika ini dibaca, terimakasih.",1
"Perbaiki lagi sistem matchmaking pada mode rank, tim nya tidak jelas sedangkan 5 musuhnya jago banget, serasa 1 vs 9.",1
"entah lah sehari di bikin kalah terus, nggk pernah dapat tim yg bagus , kalo report temen yg mainya gak jelas coklat , nggak di kurangin kredit score nya , permainan udah 1k lebih nggak bisa honor , heran ama game 1 ini",1
"kecewaa sama mobile legend....gw main dari 1 bulan sehabis liris,ya emang gw jarang main tapi gak pernah sampai gw anggurin ...ada event gw main...ini hadiah anniversary nya kudu main sampai 10 rebu 13 rebu 24 rebu baru bisa dapat hadiah nya event nya gak adil sumpah di kira orang semua banyak waktu...kali ini gw kecewa lebih kikir dari genshin impact nih game sumpah",1
"Game ga ngotak game haram, masalah pencarian team Gua selalu dapat dark sistem ga ngotak kali hati gua sakettt!!!!!! mau targetkan ke imo ga bisa stack sampe glory terus kan ashhhhh!!!!",1
"Ini game mulai bikin gw risih jujur, Gpp lah aku suka aja kalau hero old bisa digunakan lagi tpi alangkah baiknya dibikin mode khusus utk memainkan heronya jd gak ada campur lagi tu hero old bisa main di brawl,classic . Jujur aku yg main brawl aja risih ketemu hero old dipaksa lawan hero zaman skrg ya gk seimbang la mana kit mrk juga gk wajar ,monton lain kali mikir dlu bgo",1
tolong admin game mobile legends ini ada bug saya mempunyai 2 star protection card kenapa pas saya kalah bintang nya malah menurun tolong di perbaiki saya mendapatkan star protection dari flip card ini tidak bisa di gunakan padahal saya sudah mengaktifkan nya saya kasih bintang 1 mohon di perbaiki saya akan memberikan 5 bintang,1
"ml makin rusak aja, main solo ketemu team party an kan ga seimbang, terus mode chaos clash eror bgt lagi kalo di mainin, sinyal bagus tapi in game ngelag karna terlalu banyak effect,pokonya bintang 1 deh buat moonton",1
"Tolong dong Game mobile legend lebih pintar dalam memilih player ,player abnormal darksistem kenapa selalu ada ..bukannya berkurnag melainkan makin banyak player darksistem game bukannya bikin hiburan malah bikin stress , makin lama mobile legend makin aneh",1
"setiap maen team ga seimbang, musuh lebih jago, sering drop ping dan sudah mengalami banyak kejadian, game bosok maen gapernah seimbang RATE 0,kebanyakan bug, BIG L game not recomend",1
"Katanya game adil, gua main rank tim gua Ai semua, sedangkan musuh nya yang main orang asli loh lama lama gua uninstal nih game udh 3 kali menang malah dikasih tim Ai moonton moonton, minimal kalo matchmakingnya lama gausah dikasih Ai lah",1
"pantesan makin sepi ini game,gamenya aja makin berulah,1.matchmaking nya berat sebelah gtau lagi mau ngomong apa sama matchmakingnya udh stres gw,2.jaringan di servel ml akhir' ini lag banget,lagi war ping naik mlu,pas mati lancar nya minta ampun,heran gw sama ni game,fokusin aja sekalian buat para proplayer,gausah sama pemain pemain public,3.kebanyakan nerf/buff hero,giliran ada bug ga pernah mau di perbabaiki,kalo di perbaiki pun lama buanget baru di perbaiki,hadeh sehat' dah moonton",1
"woyyy ngapain ngasih bot di tim sendiri. gw tau lo ngasih bot di tim sendiri karena keliatan kaku bngt gerakannya dan gw juga cek profilnya waktu selesai main dan keliatan bngt kalo itu BOT. MENDING PERBAIKIN SISTEM NYA. INI GAME MOBA ONLINE 5 VS 5 DAN ITU HARUSNYA 5 PLAYER VS 5 PLAYER, MASA MAIN SOLO RANKED MALAH 5 (3 PLAYER + 2 BOT) VS 5 (3 PLAYER + 2 BOT) , MALAH KEMARIN DAPET 3 BOT + 2 PLAYER TERMASUK GW JADI CUMAN BERDUA DOANG PLAYER DI TIM SENDIRI SISANYA BOT. KOCAKKK",1
"Moonton kontoll, saya sudah lose streak lebih dari 10 kali dan gara gara game ini juga saya menjadi sering stress. semoga saja moonton bisa mengurangi sebagian dari pemain tolol, memberikan hukuman yang pantas tidak seperti hanya mengurangi kredit skor tetapi juga menambahkan ban sehari tidak dapat bermain. berikan juga tim yang pantas tidak seperti saya satu bintang lagi menuju mitycal Immortal malah diturunkan sampai mitycal glory bintang 89.",1
"nih game bagus tpi sistem mactmakingnya rank parah, wr gw 60% gk jelek² gk bagus² amat tapi di kasih tim yang waduh gk karuan ada feder lah ada segala macem kaya baru bejalar main atau bot(cumputer) tapi lawan hebat bisa pada mainya cantik dan bagus tim sendiri malah amburadul kaya kabel semrawut!!! sekali kalah bisa 10x menang cuman 1x 2x hahahahaha apalah game mu ini muntun gak seimbang bangett TEMPIKKKKK🗿",1
"sumpah ni game bener² ga jelasss anjjj, setiap saya main solo tim musuh komputer terus bukan player, Taulah computer mitik gimana jagonya+kompaknya disuruh ngadepin itu solo hadehhhhhh, posisi saya juga sebagai jungler selalu ketahuan padahal di rumput ga ada yg liat, tolong lah pihak monton hapus computer mitik ini, kasian player solo selalu depresi ketemu musuh komputer apalagi yang pake jungle 😞",1
"apalah game nya banyak banget orang orang kaya baru main, padahal udah honor walau cuman honor teman ku yg udah imo juga sama sering merasakan game nya hard, bukan karna musuh nya melainkan tim nya yg tidak adak memiliki akal sehat.",1
"sinyal bagus masa iya patah2 untung msh d lobby belum main, sampai sekarang masih kyk gitu.game burik ni mah, saya hapus ja lh game ni, jaringan gua bagus bro masa iya kayak delay semuanya.",1
"Percuma jago kalau mainya solo rank kecuali lu pro player. Faktanya memang seperti itu. ini game sangat tidak adil tingkat kekuatan dari kedua tim pasti sangat jomplang parah kalau menang dah pasti dapet tim yg kompak dan bagus, sedangkan kalau lagi sial dah pasti dapet tim yg sangat kacau. seperti feeder,troll,rotasi gajelas. intinya sangat kacau!! WELCOME TO MOBILE LEGENDS!! PERCUMA JAGO KALAU TIM LU GA MENDUKUNG MENANG!!!",1
game gajelas ini bisa membuat orang menjadi gila karena tidak memikirkan sistem yang di buatnya sendiri yang dimana musuh yang di berikan sangat kompak dan sulit tetapi di kita di berikan tim yang ada bot nya!!!!!!!!!!!!!!!!!!!!!!!!!!! SARAN DARI SAYA HAPUS AJA SISTEM LU JADIKAN LEBIH STABIL ATUR SEMUA PLAYER DENGAN DI BERIKAN TIM YANG SEIMBANG BUKAN MEMIHAK SEBELAH !!!!!!!!!!!!!!!!!!!!!!!!!!,1
game ini sangat bagus untuk merusak otak pengguna nya sering terjadi leg bug dan pembelian dalam game yang relatif mahal tidak seperti game sebelah sering memberi skin bagus geratis pembelian dalam game yang murah dan pengalaman yang lebih baik dari pada bermain game haram perusak gak guna ini saran untuk developer adalah segera hapus saja game ini game ini hanya merusak otak dari penggunanya sekaligus pemainya,1
makin ke sini game ya makin parah soal macth meking y kaga ada pemberuan sama sekali ini merugikan player solo karena solo player suka ke di pertemukan Dangan tim yg mabar dan tim musuh terlalu jago bermain ke tidak adilan di dalam game ini saya merasa di rugikan sebagai player solo untuk ke imortal mohon di perbaiki sistem matching ya jgn hanya fitur y aja sekian terimakasih,1
halo admin mobile legends yang terhormat tolong lihat akun yang namanya Rajakinkong masa iya dari awal season main solo rank dapat nya 1 tim sama yang nggk tau main terus yang masuk akal aja lah main tiap hari mentok di bintang 11 atau 12 gimana nggk mentok di bintang 11 atau 12 yang di kasih 1 tim sama yang nggk tau mau beda kelas sama musuh nggk tahan lagi sama ni game sudah seharusnya uninstall ni game,1
Permainan game ranked nya sungguh 100% penipuan akun yang d naikkan rankednya cuma akun ML yang telah dipilih saja faktanya saya sudah 20 Ribu match d permainan ini dan 1 MATCH saya tidak pernah mendapat lawan yang win ratenya dibawah saya dan 99% selalu diatas saya.Setiap season dan setiap puluhan ribu match akan kebanyakan kalahnya karena permainan yang tidak adil menjadikan pengalaman buruk bagi setiap player solo ranked yang memainkan game ini .,1
dasar game berat sebelah setiap main ketemu tim bikin setres tim musuh jago semua ga imbang banget kasih saran ni yang main duo apa bertiga dapet lh yang sama apa Mabar berlima yang solo kasian lh dapet kaya gitu solo dapet solo semua kaya gitu game ga seimbang banget bikin setres malah iya no respon lagi,1
"ini kenapa ml gue pas masuk lobby gak bisa dipencet, padahal hp ram 8gb hadeuh, gak bisa lanjut gak bisa kembali, kocak kocak, makin sini makin gajelas aja nih game, udah in game malah ngeleg padahal sinyal bagus",1
"game bikin setress doang. saran aja server player new sama player lama itu dipisah!!! jangan disatuin. ngotak dikit, musuh rata"" player mantan glory/imo, eh tim sendiri malah player baru main semua, player solo serasa di anak tirikan banget, belum ketemu player egois, dapet role mid malah pake hero mm. dah gitu klo diripot pun dapet pinalty penurunan poin doang, saran klo player gitu minimal ban 3h max 7h biar jera!!! trus diripot bukanny berkurang player kek gitu, malah tambah dibanyakin, hadeh",1
"musuh nya ngga setara,mana math nya gak adil sama sekali ngga ada fight musuh nya pada tinggi rank nya lagi,padahal saya baru main dikasih musuh ex imo semua kan aneh untuk kedepannya di sesuain lah kasian yg solo rank kena troll tim mulu",1
"game nya udah bagus tapi matchmakingnya sangat tidak adil pembagian timnya juga dapat rekan ngetrol semua giliran lawan adapun ngetrol rekannya bisa gendong tolong nmoonton ditanggapi ulasan saya,saya sudah sangat stres dapat tim beban semua",1
"salam kepada pihak developer saya ingin menyampaikan sekarang banyak bot moonton di rank dan 90% player sudah mengetahui adanya bot di tim sendiri dan di tim lawan dan tidak sedikit player yang mengeluh dengan ada nya bot di rank, saran saya kurangi atau hapus bot di rank sebelum semua player pada pensiun karna muak dengan bot yang sangat menggangu keseimbangan matchmaking, sekira nya saran saya ini di indahkan saya banyak mengucapkan terimakasih",1
"kecewa banget sama moonton entah bug atau apa jelas-jelas timku sudah mau menang tapi malah tidak jadi padahal base musuh sudah habis darahnya sakit hati mending Pindah game lain,,moonton mungkin lebih suka kecurangan dari pada kehilangan playernya kalau bisa bintang 0 ku kasi bintang nol ini aplikasi saking kecewa nya",1
"ini perasaan gw aja apa gimana abis update ni berat banget dah ni game, lobby keramean bikin patah patah pas in game delay Mulu gimana ni update harusnya makin lancar bukan malah kek gini adehh perasaan season season sebelumnya kaga kaya gini dah",1
"nih udah main 6tahun ama nih game kaga ada perkembangan nya ama chit"" yang ada di dalam game apalagi pas main hadeh di kasih ama orang iq 60 semua minimal kasih lah ama yg setara nih game kalo ada solo nya gue mending main solo daripada 5vs5 ke percuma 5vs5 kalo yg main cuma 3 ampe 2 orang doang minimal kasih tim yang seriu main lah bolot",1
"game gila, tolong di perbaiki monton, gw player solo masa iya tim gw mytik perbatasan semua, tapi tim musuh pada glori+honor, KLO buat game itu yang seimbang dong!!!!!",1
"Apa dah toon, setiap main chaos clash napa gw mesti gk bisa gerakin hero dah, sinyak bagus, hp juga aman, hero lain juga di layar hp gua masih bisa gerak, klo ini bisa gua turunin ku turunin lagi dah",1
ga jadi imo ton halo guys gue Raka kalo mau main jaga kesehatan ya jangan stress nanti kalo stress nanti kesehatan nya menurun musuhnya kuat tim nya buruk apa sih aku kirim di cs ko gak bisa percuma maaf juga gak berarti awas kalau kirim maaf lagi dah muak gue male main game kalah terus padahal bentar lagi mtyihc ahhh.....kalau mau dwload perhatian dlu deh awal awal gampang lama lama susah tidak Cocok untuk orang yang suka marah marah,1
"jujur nih masak udah 10 tahun gak ada tuh perkembangan masalah matchmaking,maen rank naik turun Mulu,dikasih tim yang aneh,mentang"" mau reset season maen gak niat,coba"" Hero,oh iya sama fitur setelah main itu berguna gak sih atau cuma jadi pelengkap,atau cuma pajangan doang,soalnya fitur itu gak guna buat player solo,ketemu tim yang ngetroll direport pasti disuruh nunggu 1 jam terus gak ada tuh tindak lanjut untuk yang maen troll,paling guna pas ada tim yang afk doang udah",1
banyak dari sistem gw dh lose di rank 2x hari ini sama cl dan perbaiki dlu sistem nya gw main fanny engine nya bermasalah di gw ijo tapi merah koneksi nya dan dng turet nanggung banget dh musuh udah setengah 3x kena turet ga mati tinggal setetes collab doang banyak perbaikin engine dulu bambang gw jaringan nya bagus tiba2 jalan sendiri engine dari 2016 lawak banget nih game kalo diundur skin aspirant 5.0 gw kasih bintang 5 soalnya gw lagi nabung,1
"maki ke sini makin jelek game nya sering ngelag padahal jaringan bagus, bukan sekali dua kali, lebih dari 6 kali aku udah ngalamin ini, rugi kalah gara2 nge lag yg sampe 2 menit itu, udah lapor Cs di game masih aja",1
game nya bagus tapi bug nya doang yg ngeselin gw main clasic gk bisa gerakin hero nya saat main chaos clas juga gak bisa di gerakakin mohon perbaiki dan sekali lagi perbaiki bug nya,1
"sistem macthmaking yang jelek, masa glory dan immortal masih bisa diketemukan dengan legend dan begitu pula sebaliknya, win 2 langsung dikasih lawan Abang abangan immo 150an, tolonglah perbaiki sistem macthmaking nya cukup kikir aja jgn males perbaiki sistem game nya",1
tolong dong matchmaking nya dibenerin saya bintang 60 dpt tim nya kaya bot bgt sumpah gimana mau enjoy main ini game. ga masalah dapet lawan jago asal dpt tim nya bener. ini frustasi ama temen sendiri. next nya spesifikasiin pake skill aja masa ada org pangkat glory main kek masi epic.,1
sistem machmaking nya ga adil selalu aja dpt tim yang gak bisa main (dark sistem) dan selalu mendapatkan musuh yang jago-jago jadi pengen pensi tolong di perbaiki sistem machmaking ny,1
"moonton pliss lah jangan ai Mulu timnya,gajelas mainnya, jangan gitu lah,bikin susah,mending hok,sinyal burik Mulu padahal Wifi-nya bagus,lama Mulu matching nya,sampe 2-5 menit di rank tinggi.",1
"wahai moonton ku, saya minta tolong,perbaiki lagi lah wifi saya dirumah bagus buat buka YouTube, tiktok, segala macem bisa tanpa leg, sedangkan ini mobile legend ping udah bagus ijo masih aja leggggg",1
"matchmaking nya makin parah seblumnya udah parah sekarang menjadi jadi, masa tiap main solo komposisi tim sendiri vs musuh beda ranknya... mana bisa kita gendong 4 orang sekaligus. kaya gamasuk logika tiap main solo kaya begitu",1
"ini game apaansih ping hijau tapi ngelag bgt gabisa gerak lah ngurangin kredit skore gue coy yg bener lah moonton, udh ganti wifi atau pake data sendiri ngelag parah gwe malah dapet hukuman woii. tolong benerin lah setiap war ngelag bgt rank gw turun BENERIN ya!! jd kesel sendiri tim atau lawan kata katanya toxic jga.",1
game apa sih gak jelas banget server gak pernah di benerin player yang gak ada kontribusi di proses nya lama gw dah berapa macht jaringan lancar tapi gak bisa gerakin hero sama sekali gegara server nya jelek,1
"game nya sangat seru, apalagi saat losetreak dari honor ke legend seru banget kalo menang sekali di kasih kalah 3 kali , game nya sangat seru, sangat seru sampai setiap gw masuk langsung keluar terus pencet tombol uninstal",1
gimana sih masa tim saya selalu di kasi yang permainan sangat jelek sedangkan lawan Nya permainan nya bagus dan menguasai permainan udah yaa cukup hari ini aku akan pensiun selama nya aku gak akan main mobile legend capek aku setiap ngepus rank selalu di kasi musuh yang berat tapi temen nya malah ampas setiap aku mau mitik selalu gini,1
"matchmaking sampah, masa gw main solo tmn tmn gw pada duo,tambah lagi gw glory 2 org di tim gw honor,jadi plis tolong ubah matchmaking nya.Yang solo dpt tim nya solo semua,yang mabar dpt tim nya mabar biar adil,gw sebagai player solo tersiksa karena org2 mabar yang main nya seenaknya",1
"sekarang ngelag banget astaga, speed wifi gw udah 150mbps/ in game 11ms pun, suka lag sendiri, sinyal ijo padahal, tolong lah itu di benerin, kudu pake internet NASA dulu kah ini baru bisa main?",1
"ini gamee gak ada bagus nyaaa sama sekali daah gitu , ini game aih payah kali kita udah cape cape pus rank malah di buat los trek,udaah gitu kawan kitaa entaah gimana ada yg afk lah ada ngecit laah trus itu pas mau main ada aj orang yg lama siapnya entah lah ini game, mohon ke depannya di bagusin",1
"hilangkan sistem win rate 50% untuk semua player, itu sangat TIDAK ADIL untuk yg pemain bagus, bagaimana mlbb memaksa orang yg bermain bagus HARUS setim dengan orang yang bahkan skillnya lebih rendah dari bot?",1
"monton tolong lh masak akuu setiap main lag terus sih , pantesan bagus aja sinyal nya loh ,sama satu lagi coba Hero roam support tuh hapus aja aku jengkel sekali jarang sekali aku dapat roam tb , tolong lh monton hapus aja Hero support nya,kalo GK di hapus Hero support nya aku bilang game GK ada rumah",1
ini game aneh bet.sinyal gue bagus pas main tapi entah kenapa pas war/nyerang sinyal gue tuh langsung merah pas kembali normal tau tau uadah mati aja ayolah perbaiki sinyal nya.dan satu hal lagi masalah matcmaking yang ga seimabang kalo uadah los strek 5 kali wahh parah hp gue uadh pasti rusak.moonton benerin ngapa sinyal nya jangan mau minta maaf mulu payah.kirain mau di benerin ternyata engga.pantesan rating lu jelek... MATCMAKING BENERIN MUAK GUE GA DI BENERIN MULU benerin montoon benerin!!!,1
"org udh immo di kasih tim rank mytic stres, game hama, ngotak gak rank immortal tiba² ketemu mytic sampe legend lagi, itu match nya gimana coba, sedang kan musuh paling rendah mytic itu pun cuman 1 lah di tim sendiri kadang 2 lah 3 lah, game hama. gak layak main. main epep aja, kalah gak turun malah naik. #prinsipyangwarasaja.",1
tolong lah MOONTON kasih tim yang setara Jan kaya musuh jago tim saya sendiri bot semua udah kaya main bareng computer saya giliran musuh jago semua mana saya main role ROAM lagi plis MOONTON perbaiki dan saya juga player [SOLO],1
"tolong moonton dark sistem bersihkan. setiap saya main solo sering dapat dark sistem. lose streak truss. begini trus bukan game ngilangin stress, malah nambah stress. Rank sangat sulit naik. tiap hari begini dapat dark sistem, stress x lose streak trusss.",1
"game ini seperti menyiksa aku aku di legend sering-seringgggggggg banget mvp kalah kaya aku di kasi tim troll ,tim ga mau rotasi ,sama tim mental lemah yang baru awal main langsung suren padahal masih bisa menang.kaya sengaja baget dan pilih kasih orang lain yang skill main nya jelek bisa sampai honor dan orang yang skill main nya bagus di diemin di 1 rank itu terus ,sangat mengecewakan .kalo bisa aku kasi bintang 0!🙏🏻",1
sangat mengecewakan dalam masalah jaringan masa ping gue 122ms padahal pke maen game lain bisa 5ms entah itu bug atau sengaja ada cheat jaringan eror bukan cuman itu dalam msalah pembagian team juga sangat ngaco masa gue yang glory setim ama legen honor terus lawan nya abang abang imortal karena mengecewakan saya hapus game ini pindah main hok,1
"HP gua rusak gara gara game gak jelas ini, maen game lain layar sentuhnya lancar, sedangkan game ini tiba"" gerak sendiri, fliker sendiri, waktu war jaringan merah, habis war tiba"" hijau lancar jaya. sistim lu bnerin buat player solo rank montoon ingat game lu dulu banyak iklan nya, sekarang banyak skin"" yg gak jlas. izin uninstall",1
"Akun saya tidak bisa di kembalikan karna telah dicuri, dan moonton bilang bukti saya tidak kuat, makasih deh padahal bukti awal akun di buat dan bukti top up pertama serta yang beberapa hulan terakhir ada tetap tidak bisa membuktikan, makasih moonton saya kecewa",1
"Ini aku udah ngerti lagi sama moonton ntah udah diatur supaya lawanya unggul atau tim nya jadi bot aku ga tau juga, ini udah bukan canda'an lagi iya udah sengaja ini supaya di buat drop sampe sakit mental kita mainya, bisa gak kalian fokus sama satu ini, matchmakingnya itu di perbaiki kenapa si apa susahnya buat skin hero buat fitur ga jelas bisa ,giliran matchmaking ga pernah ditanggapi kek mana mau maju ni game selalu skin hero sama fitur ga jelas aja terus dibuat, ""TOLONG DI BACA MOONTON"".",1
Game yang sangat buruk terlalu banyak player darksistem membuat permainan kurang seru.tolong di perbaiki agar kedepannya game ini bisa lebih seru dan tidak menambah stress gara-gara player darksisitem,1
"Sering mentok mawi honor , soalnya sering dapet tim jelek emang gjls. Losetreak gk ngotak 4 klh 1 menang , minimal kasih lah yang bagus . Jelek sih tim yang dikasih Terus",1
"tolong dong kenapa suka ngelag terus gimana ga bikin afk trus coba, giliran afk kita yang disalahin padahal game nya sendiri suka lag trs nge freeze dilihat lihat ulasan yang lain juga keknya emang makin ke sini sekarang makin ngelag ya makin ga bagus perfoma nya ga becus yang ngurus nya sekarang",1
"ga enak main nya kayak bujang tim pun nyampa nyampa kayak bujang gak ada pelanggaran untuk nyampa kalo di game lain ada pelanggaran kalo nyampa tapi kalo ml kayak bujang tim kalo nyampa harus kena pelanggaran lah contohnya musuh udah sekarat terus di sampa kasih pelanggaran lah tambah jaringan jangan berat berat kali ini keluhan ku, aku udah main ml dari tahun 2022 tapi ga pernah aku gak dapat kil tapi sekarang tadi habis main aku lawan 4 musuh ydah sekarat semua kan tiba"" datang tim disampah",1
"fitur baru pemilihan lane yang malah disalah gunakan olah playernya, lebih baik dikembalikan seperti semula, sistem matching juga ga seimbang, dapat team baru naik mythic gua jga cuma sampe glory, tapi musuhnya udh imo",1
"game ini gak ada guna banyak banget hal gak jelas, mulai Nemu player imortal, banyak draksistem, orang afk, banyak cheat, orang troll,dan lain sebagainya.ni game seharusnya di perbaiki jangan malah di biarkan.kalok masih gitu hapus aja dari play store,yang ada buat stress bukan hilang stress. edit: ni game kenapa sih gua GK bisa masuk ke game padahal udah di tunggu lama tapi gk masuk juga,edit2 apa sih ni game konsisten kali ngeleg nya,gak niat apa buat game perbaiki lahh,5 pertandingan leg",1
Game sampah lama kelamaan.. developer sudah gag bisa apa² .. banyak keluhan player bukannya di betulkan malah dibiarkan banyak pemain dirugikan oleh pemain yang asal main (Darksistem),1
"Udah berkali kali main dapat tim ga seimbang, keseimbangan matchmaking paling jelek diantara game moba lain dapat tim selalu rank yang dibawah kita kalau main solo jadi perbedaan gameplay yang jauh banget dan kalau semisal ngelapor g pernah direspon terus antikritik, tolonglah fix keseimbangan matchmaking ketemuin player solo ya sama solo bukan duo apa trio ini tadi main solo di glory ketemu musuh 4 glory tapi ketemu duo masih honor g cuman sekali 2 kali udah sering banget ngelapor di cs percuma",1
"Tolong dibenerin lah matchmakingnya moonton, Tersiksa sebagai player solo, kirain kalo udh imo solo ketemu team yg bsa main, ternyata lebih parah, masa imortal solo ketemu team trio legend, honor mentok glori hasil spam. kalo begitu buat apa imorttal kalo teamnya sama saja.",1
bye bye ML. saat nya utk hapus aplikasi. masi ada game yg bisa dimainkan. main ml malam sekalian sama waktu normal sama ja. dikasi rekan tim yg tidak jelas. klu jelas seh nda masalah. lah ini udh keliatan dri cara mainnya. tier akhirnya cm naik turun ja 🤣🤣🤣 payah 👎,1
"buat moonton perbaiki sistem match nya tolong sama tim saya sama musuh ga seimbang tim saya cuma buat di bantain sih, jadi moonton perbaiki ya bngsat, ini Napa ga diperbaiki ya sistem matchnya anj ga seimbang bnget asu katanya game seru dan seimbang bngst, tolong lah saya ingin main santai tim ama musuh itu seimbang masa berat sebelah tolong lah diperbaiki capek asu capek",1
